{
  "fio version" : "fio-3.18-22-g8324e",
  "timestamp" : 1585106088,
  "timestamp_ms" : 1585106088176,
  "time" : "Tue Mar 24 22:14:48 2020",
  "global options" : {
    "ioengine" : "rbd",
    "rw" : "randwrite",
    "bs" : "4096",
    "time_based" : "1",
    "runtime" : "300",
    "direct" : " 1",
    "clientname" : "admin",
    "pool" : "mybench",
    "rbdname" : "image1"
  },
  "jobs" : [
    {
      "jobname" : "fio-write",
      "groupid" : 0,
      "error" : 0,
      "eta" : 0,
      "elapsed" : 303,
      "job options" : {
        "iodepth" : "48"
      },
      "read" : {
        "io_bytes" : 0,
        "io_kbytes" : 0,
        "bw_bytes" : 0,
        "bw" : 0,
        "iops" : 0.000000,
        "runtime" : 0,
        "total_ios" : 0,
        "short_ios" : 0,
        "drop_ios" : 0,
        "slat_ns" : {
          "min" : 0,
          "max" : 0,
          "mean" : 0.000000,
          "stddev" : 0.000000,
          "N" : 0
        },
        "clat_ns" : {
          "min" : 0,
          "max" : 0,
          "mean" : 0.000000,
          "stddev" : 0.000000,
          "N" : 0
        },
        "lat_ns" : {
          "min" : 0,
          "max" : 0,
          "mean" : 0.000000,
          "stddev" : 0.000000,
          "N" : 0
        },
        "bw_min" : 0,
        "bw_max" : 0,
        "bw_agg" : 0.000000,
        "bw_mean" : 0.000000,
        "bw_dev" : 0.000000,
        "bw_samples" : 0,
        "iops_min" : 0,
        "iops_max" : 0,
        "iops_mean" : 0.000000,
        "iops_stddev" : 0.000000,
        "iops_samples" : 0
      },
      "write" : {
        "io_bytes" : 8997691392,
        "io_kbytes" : 8786808,
        "bw_bytes" : 29755352,
        "bw" : 29057,
        "iops" : 7264.490441,
        "runtime" : 302389,
        "total_ios" : 2196702,
        "short_ios" : 0,
        "drop_ios" : 0,
        "slat_ns" : {
          "min" : 811,
          "max" : 244708,
          "mean" : 4034.823154,
          "stddev" : 4416.841698,
          "N" : 2196702
        },
        "clat_ns" : {
          "min" : 457540,
          "max" : 3438351435,
          "mean" : 6602201.067298,
          "stddev" : 102340042.023980,
          "N" : 2196702,
          "percentile" : {
            "1.000000" : 1220608,
            "5.000000" : 1974272,
            "10.000000" : 2244608,
            "20.000000" : 2473984,
            "30.000000" : 2670592,
            "40.000000" : 2801664,
            "50.000000" : 2932736,
            "60.000000" : 3063808,
            "70.000000" : 3227648,
            "80.000000" : 3424256,
            "90.000000" : 3784704,
            "95.000000" : 4227072,
            "99.000000" : 7438336,
            "99.500000" : 33161216,
            "99.900000" : 2936012800,
            "99.950000" : 3137339392,
            "99.990000" : 3271557120
          }
        },
        "lat_ns" : {
          "min" : 459704,
          "max" : 3438353971,
          "mean" : 6606235.890451,
          "stddev" : 102340088.304382,
          "N" : 2196702
        },
        "bw_min" : 24,
        "bw_max" : 75128,
        "bw_agg" : 100.000000,
        "bw_mean" : 46983.435829,
        "bw_dev" : 22259.932483,
        "bw_samples" : 374,
        "iops_min" : 6,
        "iops_max" : 18782,
        "iops_mean" : 11745.858289,
        "iops_stddev" : 5564.987585,
        "iops_samples" : 374
      },
      "trim" : {
        "io_bytes" : 0,
        "io_kbytes" : 0,
        "bw_bytes" : 0,
        "bw" : 0,
        "iops" : 0.000000,
        "runtime" : 0,
        "total_ios" : 0,
        "short_ios" : 0,
        "drop_ios" : 0,
        "slat_ns" : {
          "min" : 0,
          "max" : 0,
          "mean" : 0.000000,
          "stddev" : 0.000000,
          "N" : 0
        },
        "clat_ns" : {
          "min" : 0,
          "max" : 0,
          "mean" : 0.000000,
          "stddev" : 0.000000,
          "N" : 0
        },
        "lat_ns" : {
          "min" : 0,
          "max" : 0,
          "mean" : 0.000000,
          "stddev" : 0.000000,
          "N" : 0
        },
        "bw_min" : 0,
        "bw_max" : 0,
        "bw_agg" : 0.000000,
        "bw_mean" : 0.000000,
        "bw_dev" : 0.000000,
        "bw_samples" : 0,
        "iops_min" : 0,
        "iops_max" : 0,
        "iops_mean" : 0.000000,
        "iops_stddev" : 0.000000,
        "iops_samples" : 0
      },
      "sync" : {
        "total_ios" : 0,
        "lat_ns" : {
          "min" : 0,
          "max" : 0,
          "mean" : 0.000000,
          "stddev" : 0.000000,
          "N" : 0
        }
      },
      "job_runtime" : 302388,
      "usr_cpu" : 6.395426,
      "sys_cpu" : 2.880075,
      "ctx" : 572474,
      "majf" : 0,
      "minf" : 9450,
      "iodepth_level" : {
        "1" : 0.100000,
        "2" : 0.100000,
        "4" : 0.100000,
        "8" : 0.100000,
        "16" : 0.100000,
        "32" : 99.998589,
        ">=64" : 0.000000
      },
      "iodepth_submit" : {
        "0" : 0.000000,
        "4" : 100.000000,
        "8" : 0.000000,
        "16" : 0.000000,
        "32" : 0.000000,
        "64" : 0.000000,
        ">=64" : 0.000000
      },
      "iodepth_complete" : {
        "0" : 0.000000,
        "4" : 99.999977,
        "8" : 0.000000,
        "16" : 0.000000,
        "32" : 0.000000,
        "64" : 0.100000,
        ">=64" : 0.000000
      },
      "latency_ns" : {
        "2" : 0.000000,
        "4" : 0.000000,
        "10" : 0.000000,
        "20" : 0.000000,
        "50" : 0.000000,
        "100" : 0.000000,
        "250" : 0.000000,
        "500" : 0.000000,
        "750" : 0.000000,
        "1000" : 0.000000
      },
      "latency_us" : {
        "2" : 0.000000,
        "4" : 0.000000,
        "10" : 0.000000,
        "20" : 0.000000,
        "50" : 0.000000,
        "100" : 0.000000,
        "250" : 0.000000,
        "500" : 0.010000,
        "750" : 0.053125,
        "1000" : 0.318159
      },
      "latency_ms" : {
        "2" : 5.021300,
        "4" : 87.884292,
        "10" : 6.086533,
        "20" : 0.104793,
        "50" : 0.323439,
        "100" : 0.010000,
        "250" : 0.092866,
        "500" : 0.000000,
        "750" : 0.000000,
        "1000" : 0.000000,
        "2000" : 0.000000,
        ">=2000" : 0.107070
      },
      "latency_depth" : 48,
      "latency_target" : 0,
      "latency_percentile" : 100.000000,
      "latency_window" : 0
    }
  ],
  "disk_util" : [
    {
      "name" : "sda",
      "read_ios" : 0,
      "write_ios" : 5067,
      "read_merges" : 0,
      "write_merges" : 6206,
      "read_ticks" : 0,
      "write_ticks" : 62952,
      "in_queue" : 62960,
      "util" : 14.043640
    }
  ]
}
