{
  "fio version" : "fio-3.19-33-g3f2d",
  "timestamp" : 1586875332,
  "timestamp_ms" : 1586875332072,
  "time" : "Tue Apr 14 09:42:12 2020",
  "global options" : {
    "ioengine" : "rbd",
    "rw" : "randwrite",
    "bs" : "4096",
    "time_based" : "1",
    "runtime" : "30",
    "direct" : " 1",
    "clientname" : "admin",
    "pool" : "mybench",
    "rbdname" : "image1"
  },
  "jobs" : [
    {
      "jobname" : "fio-write",
      "groupid" : 0,
      "error" : 0,
      "eta" : 0,
      "elapsed" : 31,
      "job options" : {
        "iodepth" : "48"
      },
      "read" : {
        "io_bytes" : 0,
        "io_kbytes" : 0,
        "bw_bytes" : 0,
        "bw" : 0,
        "iops" : 0.000000,
        "runtime" : 0,
        "total_ios" : 0,
        "short_ios" : 0,
        "drop_ios" : 0,
        "slat_ns" : {
          "min" : 0,
          "max" : 0,
          "mean" : 0.000000,
          "stddev" : 0.000000,
          "N" : 0
        },
        "clat_ns" : {
          "min" : 0,
          "max" : 0,
          "mean" : 0.000000,
          "stddev" : 0.000000,
          "N" : 0
        },
        "lat_ns" : {
          "min" : 0,
          "max" : 0,
          "mean" : 0.000000,
          "stddev" : 0.000000,
          "N" : 0
        },
        "bw_min" : 0,
        "bw_max" : 0,
        "bw_agg" : 0.000000,
        "bw_mean" : 0.000000,
        "bw_dev" : 0.000000,
        "bw_samples" : 0,
        "iops_min" : 0,
        "iops_max" : 0,
        "iops_mean" : 0.000000,
        "iops_stddev" : 0.000000,
        "iops_samples" : 0
      },
      "write" : {
        "io_bytes" : 1659682816,
        "io_kbytes" : 1620784,
        "bw_bytes" : 55317228,
        "bw" : 54020,
        "iops" : 13505.182815,
        "runtime" : 30003,
        "total_ios" : 405196,
        "short_ios" : 0,
        "drop_ios" : 0,
        "slat_ns" : {
          "min" : 906,
          "max" : 153559,
          "mean" : 3517.371921,
          "stddev" : 3860.569945,
          "N" : 405196
        },
        "clat_ns" : {
          "min" : 518696,
          "max" : 178914038,
          "mean" : 3549509.817772,
          "stddev" : 6072845.370118,
          "N" : 405196,
          "percentile" : {
            "1.000000" : 1073152,
            "5.000000" : 1744896,
            "10.000000" : 1925120,
            "20.000000" : 2146304,
            "30.000000" : 2375680,
            "40.000000" : 2506752,
            "50.000000" : 2637824,
            "60.000000" : 2768896,
            "70.000000" : 2899968,
            "80.000000" : 3063808,
            "90.000000" : 3391488,
            "95.000000" : 3915776,
            "99.000000" : 34865152,
            "99.500000" : 40632320,
            "99.900000" : 68681728,
            "99.950000" : 80216064,
            "99.990000" : 177209344
          }
        },
        "lat_ns" : {
          "min" : 520490,
          "max" : 178916220,
          "mean" : 3553027.189693,
          "stddev" : 6073160.993504,
          "N" : 405196
        },
        "bw_min" : 6522,
        "bw_max" : 78392,
        "bw_agg" : 100.000000,
        "bw_mean" : 54102.406780,
        "bw_dev" : 24037.814479,
        "bw_samples" : 59,
        "iops_min" : 1630,
        "iops_max" : 19598,
        "iops_mean" : 13525.593220,
        "iops_stddev" : 6009.470684,
        "iops_samples" : 59
      },
      "trim" : {
        "io_bytes" : 0,
        "io_kbytes" : 0,
        "bw_bytes" : 0,
        "bw" : 0,
        "iops" : 0.000000,
        "runtime" : 0,
        "total_ios" : 0,
        "short_ios" : 0,
        "drop_ios" : 0,
        "slat_ns" : {
          "min" : 0,
          "max" : 0,
          "mean" : 0.000000,
          "stddev" : 0.000000,
          "N" : 0
        },
        "clat_ns" : {
          "min" : 0,
          "max" : 0,
          "mean" : 0.000000,
          "stddev" : 0.000000,
          "N" : 0
        },
        "lat_ns" : {
          "min" : 0,
          "max" : 0,
          "mean" : 0.000000,
          "stddev" : 0.000000,
          "N" : 0
        },
        "bw_min" : 0,
        "bw_max" : 0,
        "bw_agg" : 0.000000,
        "bw_mean" : 0.000000,
        "bw_dev" : 0.000000,
        "bw_samples" : 0,
        "iops_min" : 0,
        "iops_max" : 0,
        "iops_mean" : 0.000000,
        "iops_stddev" : 0.000000,
        "iops_samples" : 0
      },
      "sync" : {
        "total_ios" : 0,
        "lat_ns" : {
          "min" : 0,
          "max" : 0,
          "mean" : 0.000000,
          "stddev" : 0.000000,
          "N" : 0
        }
      },
      "job_runtime" : 30002,
      "usr_cpu" : 9.869342,
      "sys_cpu" : 4.613026,
      "ctx" : 104159,
      "majf" : 0,
      "minf" : 5738,
      "iodepth_level" : {
        "1" : 0.100000,
        "2" : 0.100000,
        "4" : 0.100000,
        "8" : 0.100000,
        "16" : 0.100000,
        "32" : 99.992349,
        ">=64" : 0.000000
      },
      "iodepth_submit" : {
        "0" : 0.000000,
        "4" : 100.000000,
        "8" : 0.000000,
        "16" : 0.000000,
        "32" : 0.000000,
        "64" : 0.000000,
        ">=64" : 0.000000
      },
      "iodepth_complete" : {
        "0" : 0.000000,
        "4" : 99.999877,
        "8" : 0.000000,
        "16" : 0.000000,
        "32" : 0.000000,
        "64" : 0.100000,
        ">=64" : 0.000000
      },
      "latency_ns" : {
        "2" : 0.000000,
        "4" : 0.000000,
        "10" : 0.000000,
        "20" : 0.000000,
        "50" : 0.000000,
        "100" : 0.000000,
        "250" : 0.000000,
        "500" : 0.000000,
        "750" : 0.000000,
        "1000" : 0.000000
      },
      "latency_us" : {
        "2" : 0.000000,
        "4" : 0.000000,
        "10" : 0.000000,
        "20" : 0.000000,
        "50" : 0.000000,
        "100" : 0.000000,
        "250" : 0.000000,
        "500" : 0.000000,
        "750" : 0.135984,
        "1000" : 0.614024
      },
      "latency_ms" : {
        "2" : 12.497162,
        "4" : 82.036348,
        "10" : 1.991382,
        "20" : 0.094769,
        "50" : 2.424506,
        "100" : 0.178432,
        "250" : 0.027394,
        "500" : 0.000000,
        "750" : 0.000000,
        "1000" : 0.000000,
        "2000" : 0.000000,
        ">=2000" : 0.000000
      },
      "latency_depth" : 48,
      "latency_target" : 0,
      "latency_percentile" : 100.000000,
      "latency_window" : 0
    }
  ],
  "disk_util" : [
    {
      "name" : "sda",
      "read_ios" : 0,
      "write_ios" : 326,
      "read_merges" : 0,
      "write_merges" : 237,
      "read_ticks" : 0,
      "write_ticks" : 6904,
      "in_queue" : 6904,
      "util" : 5.324970
    }
  ]
}
