{
  "fio version" : "fio-3.18-22-g8324e",
  "timestamp" : 1585178460,
  "timestamp_ms" : 1585178460121,
  "time" : "Wed Mar 25 18:21:00 2020",
  "global options" : {
    "ioengine" : "rbd",
    "rw" : "randwrite",
    "bs" : "4096",
    "time_based" : "1",
    "runtime" : "30",
    "direct" : " 1",
    "clientname" : "admin",
    "pool" : "mybench",
    "rbdname" : "image1"
  },
  "jobs" : [
    {
      "jobname" : "fio-write",
      "groupid" : 0,
      "error" : 0,
      "eta" : 0,
      "elapsed" : 31,
      "job options" : {
        "iodepth" : "48"
      },
      "read" : {
        "io_bytes" : 0,
        "io_kbytes" : 0,
        "bw_bytes" : 0,
        "bw" : 0,
        "iops" : 0.000000,
        "runtime" : 0,
        "total_ios" : 0,
        "short_ios" : 0,
        "drop_ios" : 0,
        "slat_ns" : {
          "min" : 0,
          "max" : 0,
          "mean" : 0.000000,
          "stddev" : 0.000000,
          "N" : 0
        },
        "clat_ns" : {
          "min" : 0,
          "max" : 0,
          "mean" : 0.000000,
          "stddev" : 0.000000,
          "N" : 0
        },
        "lat_ns" : {
          "min" : 0,
          "max" : 0,
          "mean" : 0.000000,
          "stddev" : 0.000000,
          "N" : 0
        },
        "bw_min" : 0,
        "bw_max" : 0,
        "bw_agg" : 0.000000,
        "bw_mean" : 0.000000,
        "bw_dev" : 0.000000,
        "bw_samples" : 0,
        "iops_min" : 0,
        "iops_max" : 0,
        "iops_mean" : 0.000000,
        "iops_stddev" : 0.000000,
        "iops_samples" : 0
      },
      "write" : {
        "io_bytes" : 1707728896,
        "io_kbytes" : 1667704,
        "bw_bytes" : 56918604,
        "bw" : 55584,
        "iops" : 13896.143719,
        "runtime" : 30003,
        "total_ios" : 416926,
        "short_ios" : 0,
        "drop_ios" : 0,
        "slat_ns" : {
          "min" : 937,
          "max" : 277697,
          "mean" : 3596.255806,
          "stddev" : 3724.774243,
          "N" : 416926
        },
        "clat_ns" : {
          "min" : 854584,
          "max" : 178776391,
          "mean" : 3449338.762025,
          "stddev" : 5889219.913939,
          "N" : 416926,
          "percentile" : {
            "1.000000" : 1515520,
            "5.000000" : 1925120,
            "10.000000" : 2113536,
            "20.000000" : 2277376,
            "30.000000" : 2408448,
            "40.000000" : 2539520,
            "50.000000" : 2637824,
            "60.000000" : 2768896,
            "70.000000" : 2932736,
            "80.000000" : 3129344,
            "90.000000" : 3489792,
            "95.000000" : 3883008,
            "99.000000" : 39059456,
            "99.500000" : 41156608,
            "99.900000" : 45875200,
            "99.950000" : 103284736,
            "99.990000" : 177209344
          }
        },
        "lat_ns" : {
          "min" : 862779,
          "max" : 178778422,
          "mean" : 3452935.017831,
          "stddev" : 5890009.199530,
          "N" : 416926
        },
        "bw_min" : 5145,
        "bw_max" : 78224,
        "bw_agg" : 100.000000,
        "bw_mean" : 55681.372881,
        "bw_dev" : 23783.898652,
        "bw_samples" : 59,
        "iops_min" : 1286,
        "iops_max" : 19556,
        "iops_mean" : 13920.338983,
        "iops_stddev" : 5945.983822,
        "iops_samples" : 59
      },
      "trim" : {
        "io_bytes" : 0,
        "io_kbytes" : 0,
        "bw_bytes" : 0,
        "bw" : 0,
        "iops" : 0.000000,
        "runtime" : 0,
        "total_ios" : 0,
        "short_ios" : 0,
        "drop_ios" : 0,
        "slat_ns" : {
          "min" : 0,
          "max" : 0,
          "mean" : 0.000000,
          "stddev" : 0.000000,
          "N" : 0
        },
        "clat_ns" : {
          "min" : 0,
          "max" : 0,
          "mean" : 0.000000,
          "stddev" : 0.000000,
          "N" : 0
        },
        "lat_ns" : {
          "min" : 0,
          "max" : 0,
          "mean" : 0.000000,
          "stddev" : 0.000000,
          "N" : 0
        },
        "bw_min" : 0,
        "bw_max" : 0,
        "bw_agg" : 0.000000,
        "bw_mean" : 0.000000,
        "bw_dev" : 0.000000,
        "bw_samples" : 0,
        "iops_min" : 0,
        "iops_max" : 0,
        "iops_mean" : 0.000000,
        "iops_stddev" : 0.000000,
        "iops_samples" : 0
      },
      "sync" : {
        "total_ios" : 0,
        "lat_ns" : {
          "min" : 0,
          "max" : 0,
          "mean" : 0.000000,
          "stddev" : 0.000000,
          "N" : 0
        }
      },
      "job_runtime" : 30002,
      "usr_cpu" : 10.892607,
      "sys_cpu" : 5.256316,
      "ctx" : 143768,
      "majf" : 0,
      "minf" : 2674,
      "iodepth_level" : {
        "1" : 0.100000,
        "2" : 0.100000,
        "4" : 0.100000,
        "8" : 0.100000,
        "16" : 0.100000,
        "32" : 99.992565,
        ">=64" : 0.000000
      },
      "iodepth_submit" : {
        "0" : 0.000000,
        "4" : 100.000000,
        "8" : 0.000000,
        "16" : 0.000000,
        "32" : 0.000000,
        "64" : 0.000000,
        ">=64" : 0.000000
      },
      "iodepth_complete" : {
        "0" : 0.000000,
        "4" : 99.999880,
        "8" : 0.000000,
        "16" : 0.000000,
        "32" : 0.000000,
        "64" : 0.100000,
        ">=64" : 0.000000
      },
      "latency_ns" : {
        "2" : 0.000000,
        "4" : 0.000000,
        "10" : 0.000000,
        "20" : 0.000000,
        "50" : 0.000000,
        "100" : 0.000000,
        "250" : 0.000000,
        "500" : 0.000000,
        "750" : 0.000000,
        "1000" : 0.000000
      },
      "latency_us" : {
        "2" : 0.000000,
        "4" : 0.000000,
        "10" : 0.000000,
        "20" : 0.000000,
        "50" : 0.000000,
        "100" : 0.000000,
        "250" : 0.000000,
        "500" : 0.000000,
        "750" : 0.000000,
        "1000" : 0.010000
      },
      "latency_ms" : {
        "2" : 6.752038,
        "4" : 89.103822,
        "10" : 2.196553,
        "20" : 0.086346,
        "50" : 1.798641,
        "100" : 0.010000,
        "250" : 0.057564,
        "500" : 0.000000,
        "750" : 0.000000,
        "1000" : 0.000000,
        "2000" : 0.000000,
        ">=2000" : 0.000000
      },
      "latency_depth" : 48,
      "latency_target" : 0,
      "latency_percentile" : 100.000000,
      "latency_window" : 0
    }
  ],
  "disk_util" : [
    {
      "name" : "sda",
      "read_ios" : 0,
      "write_ios" : 336,
      "read_merges" : 0,
      "write_merges" : 237,
      "read_ticks" : 0,
      "write_ticks" : 16936,
      "in_queue" : 16936,
      "util" : 4.978312
    }
  ]
}
