{
  "fio version" : "fio-3.19-14-g9833",
  "timestamp" : 1585631731,
  "timestamp_ms" : 1585631731995,
  "time" : "Tue Mar 31 00:15:31 2020",
  "global options" : {
    "ioengine" : "rbd",
    "rw" : "randwrite",
    "bs" : "4096",
    "time_based" : "1",
    "runtime" : "30",
    "direct" : " 1",
    "clientname" : "admin",
    "pool" : "mybench",
    "rbdname" : "image1"
  },
  "jobs" : [
    {
      "jobname" : "fio-write",
      "groupid" : 0,
      "error" : 0,
      "eta" : 0,
      "elapsed" : 31,
      "job options" : {
        "iodepth" : "48"
      },
      "read" : {
        "io_bytes" : 0,
        "io_kbytes" : 0,
        "bw_bytes" : 0,
        "bw" : 0,
        "iops" : 0.000000,
        "runtime" : 0,
        "total_ios" : 0,
        "short_ios" : 0,
        "drop_ios" : 0,
        "slat_ns" : {
          "min" : 0,
          "max" : 0,
          "mean" : 0.000000,
          "stddev" : 0.000000,
          "N" : 0
        },
        "clat_ns" : {
          "min" : 0,
          "max" : 0,
          "mean" : 0.000000,
          "stddev" : 0.000000,
          "N" : 0
        },
        "lat_ns" : {
          "min" : 0,
          "max" : 0,
          "mean" : 0.000000,
          "stddev" : 0.000000,
          "N" : 0
        },
        "bw_min" : 0,
        "bw_max" : 0,
        "bw_agg" : 0.000000,
        "bw_mean" : 0.000000,
        "bw_dev" : 0.000000,
        "bw_samples" : 0,
        "iops_min" : 0,
        "iops_max" : 0,
        "iops_mean" : 0.000000,
        "iops_stddev" : 0.000000,
        "iops_samples" : 0
      },
      "write" : {
        "io_bytes" : 1501216768,
        "io_kbytes" : 1466032,
        "bw_bytes" : 50035555,
        "bw" : 48862,
        "iops" : 12215.711762,
        "runtime" : 30003,
        "total_ios" : 366508,
        "short_ios" : 0,
        "drop_ios" : 0,
        "slat_ns" : {
          "min" : 950,
          "max" : 270721,
          "mean" : 4199.947496,
          "stddev" : 3849.186329,
          "N" : 366508
        },
        "clat_ns" : {
          "min" : 812842,
          "max" : 202012943,
          "mean" : 3923701.029574,
          "stddev" : 6402579.929260,
          "N" : 366508,
          "percentile" : {
            "1.000000" : 1417216,
            "5.000000" : 1990656,
            "10.000000" : 2277376,
            "20.000000" : 2572288,
            "30.000000" : 2768896,
            "40.000000" : 2932736,
            "50.000000" : 3063808,
            "60.000000" : 3227648,
            "70.000000" : 3391488,
            "80.000000" : 3620864,
            "90.000000" : 4014080,
            "95.000000" : 4489216,
            "99.000000" : 39583744,
            "99.500000" : 42205184,
            "99.900000" : 46923776,
            "99.950000" : 124256256,
            "99.990000" : 200278016
          }
        },
        "lat_ns" : {
          "min" : 820431,
          "max" : 202015429,
          "mean" : 3927900.977070,
          "stddev" : 6403141.785265,
          "N" : 366508
        },
        "bw_min" : 5705,
        "bw_max" : 69304,
        "bw_agg" : 100.000000,
        "bw_mean" : 49276.474576,
        "bw_dev" : 19954.800306,
        "bw_samples" : 59,
        "iops_min" : 1426,
        "iops_max" : 17326,
        "iops_mean" : 12319.101695,
        "iops_stddev" : 4988.702266,
        "iops_samples" : 59
      },
      "trim" : {
        "io_bytes" : 0,
        "io_kbytes" : 0,
        "bw_bytes" : 0,
        "bw" : 0,
        "iops" : 0.000000,
        "runtime" : 0,
        "total_ios" : 0,
        "short_ios" : 0,
        "drop_ios" : 0,
        "slat_ns" : {
          "min" : 0,
          "max" : 0,
          "mean" : 0.000000,
          "stddev" : 0.000000,
          "N" : 0
        },
        "clat_ns" : {
          "min" : 0,
          "max" : 0,
          "mean" : 0.000000,
          "stddev" : 0.000000,
          "N" : 0
        },
        "lat_ns" : {
          "min" : 0,
          "max" : 0,
          "mean" : 0.000000,
          "stddev" : 0.000000,
          "N" : 0
        },
        "bw_min" : 0,
        "bw_max" : 0,
        "bw_agg" : 0.000000,
        "bw_mean" : 0.000000,
        "bw_dev" : 0.000000,
        "bw_samples" : 0,
        "iops_min" : 0,
        "iops_max" : 0,
        "iops_mean" : 0.000000,
        "iops_stddev" : 0.000000,
        "iops_samples" : 0
      },
      "sync" : {
        "total_ios" : 0,
        "lat_ns" : {
          "min" : 0,
          "max" : 0,
          "mean" : 0.000000,
          "stddev" : 0.000000,
          "N" : 0
        }
      },
      "job_runtime" : 30002,
      "usr_cpu" : 10.965936,
      "sys_cpu" : 4.326378,
      "ctx" : 139142,
      "majf" : 0,
      "minf" : 7151,
      "iodepth_level" : {
        "1" : 0.100000,
        "2" : 0.100000,
        "4" : 0.100000,
        "8" : 0.100000,
        "16" : 0.100000,
        "32" : 99.991542,
        ">=64" : 0.000000
      },
      "iodepth_submit" : {
        "0" : 0.000000,
        "4" : 100.000000,
        "8" : 0.000000,
        "16" : 0.000000,
        "32" : 0.000000,
        "64" : 0.000000,
        ">=64" : 0.000000
      },
      "iodepth_complete" : {
        "0" : 0.000000,
        "4" : 99.999864,
        "8" : 0.000000,
        "16" : 0.000000,
        "32" : 0.000000,
        "64" : 0.100000,
        ">=64" : 0.000000
      },
      "latency_ns" : {
        "2" : 0.000000,
        "4" : 0.000000,
        "10" : 0.000000,
        "20" : 0.000000,
        "50" : 0.000000,
        "100" : 0.000000,
        "250" : 0.000000,
        "500" : 0.000000,
        "750" : 0.000000,
        "1000" : 0.000000
      },
      "latency_us" : {
        "2" : 0.000000,
        "4" : 0.000000,
        "10" : 0.000000,
        "20" : 0.000000,
        "50" : 0.000000,
        "100" : 0.000000,
        "250" : 0.000000,
        "500" : 0.000000,
        "750" : 0.000000,
        "1000" : 0.013642
      },
      "latency_ms" : {
        "2" : 5.148592,
        "4" : 84.700743,
        "10" : 7.880046,
        "20" : 0.132876,
        "50" : 2.054253,
        "100" : 0.010000,
        "250" : 0.065483,
        "500" : 0.000000,
        "750" : 0.000000,
        "1000" : 0.000000,
        "2000" : 0.000000,
        ">=2000" : 0.000000
      },
      "latency_depth" : 48,
      "latency_target" : 0,
      "latency_percentile" : 100.000000,
      "latency_window" : 0
    }
  ],
  "disk_util" : [
    {
      "name" : "sda",
      "read_ios" : 0,
      "write_ios" : 353,
      "read_merges" : 0,
      "write_merges" : 243,
      "read_ticks" : 0,
      "write_ticks" : 6320,
      "in_queue" : 6320,
      "util" : 5.364470
    }
  ]
}
