{
  "fio version" : "fio-3.18-22-g8324e",
  "timestamp" : 1585159582,
  "timestamp_ms" : 1585159582039,
  "time" : "Wed Mar 25 13:06:22 2020",
  "global options" : {
    "ioengine" : "rbd",
    "rw" : "write",
    "bs" : "4096",
    "time_based" : "1",
    "runtime" : "60",
    "direct" : " 1",
    "clientname" : "admin",
    "pool" : "mybench",
    "rbdname" : "image1"
  },
  "jobs" : [
    {
      "jobname" : "fio-write",
      "groupid" : 0,
      "error" : 0,
      "eta" : 0,
      "elapsed" : 66,
      "job options" : {
        "iodepth" : "48"
      },
      "read" : {
        "io_bytes" : 0,
        "io_kbytes" : 0,
        "bw_bytes" : 0,
        "bw" : 0,
        "iops" : 0.000000,
        "runtime" : 0,
        "total_ios" : 0,
        "short_ios" : 0,
        "drop_ios" : 0,
        "slat_ns" : {
          "min" : 0,
          "max" : 0,
          "mean" : 0.000000,
          "stddev" : 0.000000,
          "N" : 0
        },
        "clat_ns" : {
          "min" : 0,
          "max" : 0,
          "mean" : 0.000000,
          "stddev" : 0.000000,
          "N" : 0
        },
        "lat_ns" : {
          "min" : 0,
          "max" : 0,
          "mean" : 0.000000,
          "stddev" : 0.000000,
          "N" : 0
        },
        "bw_min" : 0,
        "bw_max" : 0,
        "bw_agg" : 0.000000,
        "bw_mean" : 0.000000,
        "bw_dev" : 0.000000,
        "bw_samples" : 0,
        "iops_min" : 0,
        "iops_max" : 0,
        "iops_mean" : 0.000000,
        "iops_stddev" : 0.000000,
        "iops_samples" : 0
      },
      "write" : {
        "io_bytes" : 3058536448,
        "io_kbytes" : 2986852,
        "bw_bytes" : 50973908,
        "bw" : 49779,
        "iops" : 12444.801840,
        "runtime" : 60002,
        "total_ios" : 746713,
        "short_ios" : 0,
        "drop_ios" : 0,
        "slat_ns" : {
          "min" : 836,
          "max" : 552632,
          "mean" : 5093.030303,
          "stddev" : 5337.224453,
          "N" : 746713
        },
        "clat_ns" : {
          "min" : 781160,
          "max" : 3027681720,
          "mean" : 3851006.378365,
          "stddev" : 30462188.064882,
          "N" : 746713,
          "percentile" : {
            "1.000000" : 1400832,
            "5.000000" : 1777664,
            "10.000000" : 2244608,
            "20.000000" : 2965504,
            "30.000000" : 3293184,
            "40.000000" : 3457024,
            "50.000000" : 3555328,
            "60.000000" : 3686400,
            "70.000000" : 3817472,
            "80.000000" : 3948544,
            "90.000000" : 4145152,
            "95.000000" : 4358144,
            "99.000000" : 5537792,
            "99.500000" : 5931008,
            "99.900000" : 8290304,
            "99.950000" : 12517376,
            "99.990000" : 1853882368
          }
        },
        "lat_ns" : {
          "min" : 792122,
          "max" : 3027683398,
          "mean" : 3856099.408668,
          "stddev" : 30462139.952273,
          "N" : 746713
        },
        "bw_min" : 4576,
        "bw_max" : 64976,
        "bw_agg" : 100.000000,
        "bw_mean" : 53877.181818,
        "bw_dev" : 8513.616695,
        "bw_samples" : 110,
        "iops_min" : 1144,
        "iops_max" : 16244,
        "iops_mean" : 13469.290909,
        "iops_stddev" : 2128.403831,
        "iops_samples" : 110
      },
      "trim" : {
        "io_bytes" : 0,
        "io_kbytes" : 0,
        "bw_bytes" : 0,
        "bw" : 0,
        "iops" : 0.000000,
        "runtime" : 0,
        "total_ios" : 0,
        "short_ios" : 0,
        "drop_ios" : 0,
        "slat_ns" : {
          "min" : 0,
          "max" : 0,
          "mean" : 0.000000,
          "stddev" : 0.000000,
          "N" : 0
        },
        "clat_ns" : {
          "min" : 0,
          "max" : 0,
          "mean" : 0.000000,
          "stddev" : 0.000000,
          "N" : 0
        },
        "lat_ns" : {
          "min" : 0,
          "max" : 0,
          "mean" : 0.000000,
          "stddev" : 0.000000,
          "N" : 0
        },
        "bw_min" : 0,
        "bw_max" : 0,
        "bw_agg" : 0.000000,
        "bw_mean" : 0.000000,
        "bw_dev" : 0.000000,
        "bw_samples" : 0,
        "iops_min" : 0,
        "iops_max" : 0,
        "iops_mean" : 0.000000,
        "iops_stddev" : 0.000000,
        "iops_samples" : 0
      },
      "sync" : {
        "total_ios" : 0,
        "lat_ns" : {
          "min" : 0,
          "max" : 0,
          "mean" : 0.000000,
          "stddev" : 0.000000,
          "N" : 0
        }
      },
      "job_runtime" : 60001,
      "usr_cpu" : 9.984834,
      "sys_cpu" : 4.051599,
      "ctx" : 67978,
      "majf" : 0,
      "minf" : 1560,
      "iodepth_level" : {
        "1" : 0.100000,
        "2" : 0.100000,
        "4" : 0.100000,
        "8" : 0.100000,
        "16" : 0.100000,
        "32" : 99.995848,
        ">=64" : 0.000000
      },
      "iodepth_submit" : {
        "0" : 0.000000,
        "4" : 100.000000,
        "8" : 0.000000,
        "16" : 0.000000,
        "32" : 0.000000,
        "64" : 0.000000,
        ">=64" : 0.000000
      },
      "iodepth_complete" : {
        "0" : 0.000000,
        "4" : 99.999933,
        "8" : 0.000000,
        "16" : 0.000000,
        "32" : 0.000000,
        "64" : 0.100000,
        ">=64" : 0.000000
      },
      "latency_ns" : {
        "2" : 0.000000,
        "4" : 0.000000,
        "10" : 0.000000,
        "20" : 0.000000,
        "50" : 0.000000,
        "100" : 0.000000,
        "250" : 0.000000,
        "500" : 0.000000,
        "750" : 0.000000,
        "1000" : 0.000000
      },
      "latency_us" : {
        "2" : 0.000000,
        "4" : 0.000000,
        "10" : 0.000000,
        "20" : 0.000000,
        "50" : 0.000000,
        "100" : 0.000000,
        "250" : 0.000000,
        "500" : 0.000000,
        "750" : 0.000000,
        "1000" : 0.018347
      },
      "latency_ms" : {
        "2" : 7.468063,
        "4" : 75.404874,
        "10" : 17.039344,
        "20" : 0.030802,
        "50" : 0.010000,
        "100" : 0.000000,
        "250" : 0.012856,
        "500" : 0.000000,
        "750" : 0.000000,
        "1000" : 0.000000,
        "2000" : 0.012856,
        ">=2000" : 0.010000
      },
      "latency_depth" : 48,
      "latency_target" : 0,
      "latency_percentile" : 100.000000,
      "latency_window" : 0
    }
  ],
  "disk_util" : [
    {
      "name" : "sda",
      "read_ios" : 0,
      "write_ios" : 729,
      "read_merges" : 0,
      "write_merges" : 797,
      "read_ticks" : 0,
      "write_ticks" : 12892,
      "in_queue" : 12892,
      "util" : 7.537856
    }
  ]
}
