{
  "fio version" : "fio-3.18-22-g8324e",
  "timestamp" : 1585105566,
  "timestamp_ms" : 1585105566318,
  "time" : "Tue Mar 24 22:06:06 2020",
  "global options" : {
    "ioengine" : "rbd",
    "rw" : "randwrite",
    "bs" : "4096",
    "time_based" : "1",
    "runtime" : "300",
    "direct" : " 1",
    "clientname" : "admin",
    "pool" : "mybench",
    "rbdname" : "image1"
  },
  "jobs" : [
    {
      "jobname" : "fio-write",
      "groupid" : 0,
      "error" : 0,
      "eta" : 0,
      "elapsed" : 301,
      "job options" : {
        "iodepth" : "48"
      },
      "read" : {
        "io_bytes" : 0,
        "io_kbytes" : 0,
        "bw_bytes" : 0,
        "bw" : 0,
        "iops" : 0.000000,
        "runtime" : 0,
        "total_ios" : 0,
        "short_ios" : 0,
        "drop_ios" : 0,
        "slat_ns" : {
          "min" : 0,
          "max" : 0,
          "mean" : 0.000000,
          "stddev" : 0.000000,
          "N" : 0
        },
        "clat_ns" : {
          "min" : 0,
          "max" : 0,
          "mean" : 0.000000,
          "stddev" : 0.000000,
          "N" : 0
        },
        "lat_ns" : {
          "min" : 0,
          "max" : 0,
          "mean" : 0.000000,
          "stddev" : 0.000000,
          "N" : 0
        },
        "bw_min" : 0,
        "bw_max" : 0,
        "bw_agg" : 0.000000,
        "bw_mean" : 0.000000,
        "bw_dev" : 0.000000,
        "bw_samples" : 0,
        "iops_min" : 0,
        "iops_max" : 0,
        "iops_mean" : 0.000000,
        "iops_stddev" : 0.000000,
        "iops_samples" : 0
      },
      "write" : {
        "io_bytes" : 9118576640,
        "io_kbytes" : 8904860,
        "bw_bytes" : 30394951,
        "bw" : 29682,
        "iops" : 7420.642460,
        "runtime" : 300003,
        "total_ios" : 2226215,
        "short_ios" : 0,
        "drop_ios" : 0,
        "slat_ns" : {
          "min" : 892,
          "max" : 795415,
          "mean" : 4017.102075,
          "stddev" : 4484.156487,
          "N" : 2226215
        },
        "clat_ns" : {
          "min" : 487305,
          "max" : 3575729984,
          "mean" : 6463151.851465,
          "stddev" : 101751154.328920,
          "N" : 2226215,
          "percentile" : {
            "1.000000" : 1204224,
            "5.000000" : 1941504,
            "10.000000" : 2211840,
            "20.000000" : 2441216,
            "30.000000" : 2637824,
            "40.000000" : 2768896,
            "50.000000" : 2899968,
            "60.000000" : 3031040,
            "70.000000" : 3194880,
            "80.000000" : 3391488,
            "90.000000" : 3719168,
            "95.000000" : 4079616,
            "99.000000" : 5865472,
            "99.500000" : 29491200,
            "99.900000" : 2936012800,
            "99.950000" : 3137339392,
            "99.990000" : 3305111552
          }
        },
        "lat_ns" : {
          "min" : 504603,
          "max" : 3575739126,
          "mean" : 6467168.953540,
          "stddev" : 101751195.503198,
          "N" : 2226215
        },
        "bw_min" : 96,
        "bw_max" : 75344,
        "bw_agg" : 100.000000,
        "bw_mean" : 48128.466125,
        "bw_dev" : 22649.052438,
        "bw_samples" : 369,
        "iops_min" : 24,
        "iops_max" : 18834,
        "iops_mean" : 12032.111111,
        "iops_stddev" : 5662.277385,
        "iops_samples" : 369
      },
      "trim" : {
        "io_bytes" : 0,
        "io_kbytes" : 0,
        "bw_bytes" : 0,
        "bw" : 0,
        "iops" : 0.000000,
        "runtime" : 0,
        "total_ios" : 0,
        "short_ios" : 0,
        "drop_ios" : 0,
        "slat_ns" : {
          "min" : 0,
          "max" : 0,
          "mean" : 0.000000,
          "stddev" : 0.000000,
          "N" : 0
        },
        "clat_ns" : {
          "min" : 0,
          "max" : 0,
          "mean" : 0.000000,
          "stddev" : 0.000000,
          "N" : 0
        },
        "lat_ns" : {
          "min" : 0,
          "max" : 0,
          "mean" : 0.000000,
          "stddev" : 0.000000,
          "N" : 0
        },
        "bw_min" : 0,
        "bw_max" : 0,
        "bw_agg" : 0.000000,
        "bw_mean" : 0.000000,
        "bw_dev" : 0.000000,
        "bw_samples" : 0,
        "iops_min" : 0,
        "iops_max" : 0,
        "iops_mean" : 0.000000,
        "iops_stddev" : 0.000000,
        "iops_samples" : 0
      },
      "sync" : {
        "total_ios" : 0,
        "lat_ns" : {
          "min" : 0,
          "max" : 0,
          "mean" : 0.000000,
          "stddev" : 0.000000,
          "N" : 0
        }
      },
      "job_runtime" : 300002,
      "usr_cpu" : 6.604623,
      "sys_cpu" : 2.812648,
      "ctx" : 545532,
      "majf" : 0,
      "minf" : 16634,
      "iodepth_level" : {
        "1" : 0.100000,
        "2" : 0.100000,
        "4" : 0.100000,
        "8" : 0.100000,
        "16" : 0.100000,
        "32" : 99.998608,
        ">=64" : 0.000000
      },
      "iodepth_submit" : {
        "0" : 0.000000,
        "4" : 100.000000,
        "8" : 0.000000,
        "16" : 0.000000,
        "32" : 0.000000,
        "64" : 0.000000,
        ">=64" : 0.000000
      },
      "iodepth_complete" : {
        "0" : 0.000000,
        "4" : 99.999978,
        "8" : 0.000000,
        "16" : 0.000000,
        "32" : 0.000000,
        "64" : 0.100000,
        ">=64" : 0.000000
      },
      "latency_ns" : {
        "2" : 0.000000,
        "4" : 0.000000,
        "10" : 0.000000,
        "20" : 0.000000,
        "50" : 0.000000,
        "100" : 0.000000,
        "250" : 0.000000,
        "500" : 0.000000,
        "750" : 0.000000,
        "1000" : 0.000000
      },
      "latency_us" : {
        "2" : 0.000000,
        "4" : 0.000000,
        "10" : 0.000000,
        "20" : 0.000000,
        "50" : 0.000000,
        "100" : 0.000000,
        "250" : 0.000000,
        "500" : 0.010000,
        "750" : 0.039933,
        "1000" : 0.308596
      },
      "latency_ms" : {
        "2" : 5.444398,
        "4" : 88.532644,
        "10" : 5.093488,
        "20" : 0.066975,
        "50" : 0.331100,
        "100" : 0.000000,
        "250" : 0.077171,
        "500" : 0.000000,
        "750" : 0.000000,
        "1000" : 0.000000,
        "2000" : 0.000000,
        ">=2000" : 0.105650
      },
      "latency_depth" : 48,
      "latency_target" : 0,
      "latency_percentile" : 100.000000,
      "latency_window" : 0
    }
  ],
  "disk_util" : [
    {
      "name" : "sda",
      "read_ios" : 0,
      "write_ios" : 4874,
      "read_merges" : 0,
      "write_merges" : 6151,
      "read_ticks" : 0,
      "write_ticks" : 48196,
      "in_queue" : 48196,
      "util" : 13.840498
    }
  ]
}
