{
  "fio version" : "fio-3.19-14-g9833",
  "timestamp" : 1585631087,
  "timestamp_ms" : 1585631087427,
  "time" : "Tue Mar 31 00:04:47 2020",
  "global options" : {
    "ioengine" : "rbd",
    "rw" : "randwrite",
    "bs" : "4096",
    "time_based" : "1",
    "runtime" : "30",
    "direct" : " 1",
    "clientname" : "admin",
    "pool" : "mybench",
    "rbdname" : "image1"
  },
  "jobs" : [
    {
      "jobname" : "fio-write",
      "groupid" : 0,
      "error" : 0,
      "eta" : 0,
      "elapsed" : 31,
      "job options" : {
        "iodepth" : "48"
      },
      "read" : {
        "io_bytes" : 0,
        "io_kbytes" : 0,
        "bw_bytes" : 0,
        "bw" : 0,
        "iops" : 0.000000,
        "runtime" : 0,
        "total_ios" : 0,
        "short_ios" : 0,
        "drop_ios" : 0,
        "slat_ns" : {
          "min" : 0,
          "max" : 0,
          "mean" : 0.000000,
          "stddev" : 0.000000,
          "N" : 0
        },
        "clat_ns" : {
          "min" : 0,
          "max" : 0,
          "mean" : 0.000000,
          "stddev" : 0.000000,
          "N" : 0
        },
        "lat_ns" : {
          "min" : 0,
          "max" : 0,
          "mean" : 0.000000,
          "stddev" : 0.000000,
          "N" : 0
        },
        "bw_min" : 0,
        "bw_max" : 0,
        "bw_agg" : 0.000000,
        "bw_mean" : 0.000000,
        "bw_dev" : 0.000000,
        "bw_samples" : 0,
        "iops_min" : 0,
        "iops_max" : 0,
        "iops_mean" : 0.000000,
        "iops_stddev" : 0.000000,
        "iops_samples" : 0
      },
      "write" : {
        "io_bytes" : 1702723584,
        "io_kbytes" : 1662816,
        "bw_bytes" : 56751777,
        "bw" : 55421,
        "iops" : 13855.414459,
        "runtime" : 30003,
        "total_ios" : 415704,
        "short_ios" : 0,
        "drop_ios" : 0,
        "slat_ns" : {
          "min" : 853,
          "max" : 263777,
          "mean" : 3932.678822,
          "stddev" : 4381.393248,
          "N" : 415704
        },
        "clat_ns" : {
          "min" : 769913,
          "max" : 181616239,
          "mean" : 3459039.079614,
          "stddev" : 5741931.213035,
          "N" : 415704,
          "percentile" : {
            "1.000000" : 1433600,
            "5.000000" : 2023424,
            "10.000000" : 2179072,
            "20.000000" : 2375680,
            "30.000000" : 2506752,
            "40.000000" : 2637824,
            "50.000000" : 2736128,
            "60.000000" : 2834432,
            "70.000000" : 2965504,
            "80.000000" : 3129344,
            "90.000000" : 3424256,
            "95.000000" : 3817472,
            "99.000000" : 36962304,
            "99.500000" : 40632320,
            "99.900000" : 44826624,
            "99.950000" : 104333312,
            "99.990000" : 179306496
          }
        },
        "lat_ns" : {
          "min" : 771549,
          "max" : 181621261,
          "mean" : 3462971.758436,
          "stddev" : 5742385.471199,
          "N" : 415704
        },
        "bw_min" : 5581,
        "bw_max" : 75736,
        "bw_agg" : 100.000000,
        "bw_mean" : 55598.457627,
        "bw_dev" : 23302.393778,
        "bw_samples" : 59,
        "iops_min" : 1395,
        "iops_max" : 18934,
        "iops_mean" : 13899.610169,
        "iops_stddev" : 5825.607697,
        "iops_samples" : 59
      },
      "trim" : {
        "io_bytes" : 0,
        "io_kbytes" : 0,
        "bw_bytes" : 0,
        "bw" : 0,
        "iops" : 0.000000,
        "runtime" : 0,
        "total_ios" : 0,
        "short_ios" : 0,
        "drop_ios" : 0,
        "slat_ns" : {
          "min" : 0,
          "max" : 0,
          "mean" : 0.000000,
          "stddev" : 0.000000,
          "N" : 0
        },
        "clat_ns" : {
          "min" : 0,
          "max" : 0,
          "mean" : 0.000000,
          "stddev" : 0.000000,
          "N" : 0
        },
        "lat_ns" : {
          "min" : 0,
          "max" : 0,
          "mean" : 0.000000,
          "stddev" : 0.000000,
          "N" : 0
        },
        "bw_min" : 0,
        "bw_max" : 0,
        "bw_agg" : 0.000000,
        "bw_mean" : 0.000000,
        "bw_dev" : 0.000000,
        "bw_samples" : 0,
        "iops_min" : 0,
        "iops_max" : 0,
        "iops_mean" : 0.000000,
        "iops_stddev" : 0.000000,
        "iops_samples" : 0
      },
      "sync" : {
        "total_ios" : 0,
        "lat_ns" : {
          "min" : 0,
          "max" : 0,
          "mean" : 0.000000,
          "stddev" : 0.000000,
          "N" : 0
        }
      },
      "job_runtime" : 30002,
      "usr_cpu" : 11.805880,
      "sys_cpu" : 5.612959,
      "ctx" : 113202,
      "majf" : 0,
      "minf" : 5289,
      "iodepth_level" : {
        "1" : 0.100000,
        "2" : 0.100000,
        "4" : 0.100000,
        "8" : 0.100000,
        "16" : 0.100000,
        "32" : 99.992543,
        ">=64" : 0.000000
      },
      "iodepth_submit" : {
        "0" : 0.000000,
        "4" : 100.000000,
        "8" : 0.000000,
        "16" : 0.000000,
        "32" : 0.000000,
        "64" : 0.000000,
        ">=64" : 0.000000
      },
      "iodepth_complete" : {
        "0" : 0.000000,
        "4" : 99.999880,
        "8" : 0.000000,
        "16" : 0.000000,
        "32" : 0.000000,
        "64" : 0.100000,
        ">=64" : 0.000000
      },
      "latency_ns" : {
        "2" : 0.000000,
        "4" : 0.000000,
        "10" : 0.000000,
        "20" : 0.000000,
        "50" : 0.000000,
        "100" : 0.000000,
        "250" : 0.000000,
        "500" : 0.000000,
        "750" : 0.000000,
        "1000" : 0.000000
      },
      "latency_us" : {
        "2" : 0.000000,
        "4" : 0.000000,
        "10" : 0.000000,
        "20" : 0.000000,
        "50" : 0.000000,
        "100" : 0.000000,
        "250" : 0.000000,
        "500" : 0.000000,
        "750" : 0.000000,
        "1000" : 0.031994
      },
      "latency_ms" : {
        "2" : 4.590045,
        "4" : 91.378240,
        "10" : 2.127716,
        "20" : 0.057974,
        "50" : 1.748600,
        "100" : 0.010000,
        "250" : 0.057733,
        "500" : 0.000000,
        "750" : 0.000000,
        "1000" : 0.000000,
        "2000" : 0.000000,
        ">=2000" : 0.000000
      },
      "latency_depth" : 48,
      "latency_target" : 0,
      "latency_percentile" : 100.000000,
      "latency_window" : 0
    }
  ],
  "disk_util" : [
    {
      "name" : "sda",
      "read_ios" : 0,
      "write_ios" : 308,
      "read_merges" : 0,
      "write_merges" : 237,
      "read_ticks" : 0,
      "write_ticks" : 12900,
      "in_queue" : 12900,
      "util" : 4.951123
    }
  ]
}
