{
  "fio version" : "fio-3.18-22-g8324e",
  "timestamp" : 1585177203,
  "timestamp_ms" : 1585177203281,
  "time" : "Wed Mar 25 18:00:03 2020",
  "global options" : {
    "ioengine" : "rbd",
    "rw" : "randwrite",
    "bs" : "4096",
    "time_based" : "1",
    "runtime" : "30",
    "direct" : " 1",
    "clientname" : "admin",
    "pool" : "mybench",
    "rbdname" : "image1"
  },
  "jobs" : [
    {
      "jobname" : "fio-write",
      "groupid" : 0,
      "error" : 0,
      "eta" : 0,
      "elapsed" : 31,
      "job options" : {
        "iodepth" : "48"
      },
      "read" : {
        "io_bytes" : 0,
        "io_kbytes" : 0,
        "bw_bytes" : 0,
        "bw" : 0,
        "iops" : 0.000000,
        "runtime" : 0,
        "total_ios" : 0,
        "short_ios" : 0,
        "drop_ios" : 0,
        "slat_ns" : {
          "min" : 0,
          "max" : 0,
          "mean" : 0.000000,
          "stddev" : 0.000000,
          "N" : 0
        },
        "clat_ns" : {
          "min" : 0,
          "max" : 0,
          "mean" : 0.000000,
          "stddev" : 0.000000,
          "N" : 0
        },
        "lat_ns" : {
          "min" : 0,
          "max" : 0,
          "mean" : 0.000000,
          "stddev" : 0.000000,
          "N" : 0
        },
        "bw_min" : 0,
        "bw_max" : 0,
        "bw_agg" : 0.000000,
        "bw_mean" : 0.000000,
        "bw_dev" : 0.000000,
        "bw_samples" : 0,
        "iops_min" : 0,
        "iops_max" : 0,
        "iops_mean" : 0.000000,
        "iops_stddev" : 0.000000,
        "iops_samples" : 0
      },
      "write" : {
        "io_bytes" : 1007005696,
        "io_kbytes" : 983404,
        "bw_bytes" : 33560144,
        "bw" : 32773,
        "iops" : 8193.394654,
        "runtime" : 30006,
        "total_ios" : 245851,
        "short_ios" : 0,
        "drop_ios" : 0,
        "slat_ns" : {
          "min" : 874,
          "max" : 275219,
          "mean" : 5163.126268,
          "stddev" : 5402.377380,
          "N" : 245851
        },
        "clat_ns" : {
          "min" : 686893,
          "max" : 181545793,
          "mean" : 5851297.530952,
          "stddev" : 6347930.853995,
          "N" : 245851,
          "percentile" : {
            "1.000000" : 1351680,
            "5.000000" : 4046848,
            "10.000000" : 4292608,
            "20.000000" : 4489216,
            "30.000000" : 4620288,
            "40.000000" : 4751360,
            "50.000000" : 4882432,
            "60.000000" : 5013504,
            "70.000000" : 5144576,
            "80.000000" : 5341184,
            "90.000000" : 5799936,
            "95.000000" : 7176192,
            "99.000000" : 36438016,
            "99.500000" : 39059456,
            "99.900000" : 45875200,
            "99.950000" : 124256256,
            "99.990000" : 179306496
          }
        },
        "lat_ns" : {
          "min" : 703557,
          "max" : 181548189,
          "mean" : 5856460.657219,
          "stddev" : 6348550.656983,
          "N" : 245851
        },
        "bw_min" : 5971,
        "bw_max" : 41720,
        "bw_agg" : 100.000000,
        "bw_mean" : 32911.372881,
        "bw_dev" : 10865.851489,
        "bw_samples" : 59,
        "iops_min" : 1492,
        "iops_max" : 10430,
        "iops_mean" : 8227.830508,
        "iops_stddev" : 2716.494935,
        "iops_samples" : 59
      },
      "trim" : {
        "io_bytes" : 0,
        "io_kbytes" : 0,
        "bw_bytes" : 0,
        "bw" : 0,
        "iops" : 0.000000,
        "runtime" : 0,
        "total_ios" : 0,
        "short_ios" : 0,
        "drop_ios" : 0,
        "slat_ns" : {
          "min" : 0,
          "max" : 0,
          "mean" : 0.000000,
          "stddev" : 0.000000,
          "N" : 0
        },
        "clat_ns" : {
          "min" : 0,
          "max" : 0,
          "mean" : 0.000000,
          "stddev" : 0.000000,
          "N" : 0
        },
        "lat_ns" : {
          "min" : 0,
          "max" : 0,
          "mean" : 0.000000,
          "stddev" : 0.000000,
          "N" : 0
        },
        "bw_min" : 0,
        "bw_max" : 0,
        "bw_agg" : 0.000000,
        "bw_mean" : 0.000000,
        "bw_dev" : 0.000000,
        "bw_samples" : 0,
        "iops_min" : 0,
        "iops_max" : 0,
        "iops_mean" : 0.000000,
        "iops_stddev" : 0.000000,
        "iops_samples" : 0
      },
      "sync" : {
        "total_ios" : 0,
        "lat_ns" : {
          "min" : 0,
          "max" : 0,
          "mean" : 0.000000,
          "stddev" : 0.000000,
          "N" : 0
        }
      },
      "job_runtime" : 30005,
      "usr_cpu" : 9.995001,
      "sys_cpu" : 5.365772,
      "ctx" : 76798,
      "majf" : 0,
      "minf" : 2628,
      "iodepth_level" : {
        "1" : 0.100000,
        "2" : 0.100000,
        "4" : 0.100000,
        "8" : 0.100000,
        "16" : 0.100000,
        "32" : 99.987391,
        ">=64" : 0.000000
      },
      "iodepth_submit" : {
        "0" : 0.000000,
        "4" : 100.000000,
        "8" : 0.000000,
        "16" : 0.000000,
        "32" : 0.000000,
        "64" : 0.000000,
        ">=64" : 0.000000
      },
      "iodepth_complete" : {
        "0" : 0.000000,
        "4" : 99.999797,
        "8" : 0.000000,
        "16" : 0.000000,
        "32" : 0.000000,
        "64" : 0.100000,
        ">=64" : 0.000000
      },
      "latency_ns" : {
        "2" : 0.000000,
        "4" : 0.000000,
        "10" : 0.000000,
        "20" : 0.000000,
        "50" : 0.000000,
        "100" : 0.000000,
        "250" : 0.000000,
        "500" : 0.000000,
        "750" : 0.000000,
        "1000" : 0.000000
      },
      "latency_us" : {
        "2" : 0.000000,
        "4" : 0.000000,
        "10" : 0.000000,
        "20" : 0.000000,
        "50" : 0.000000,
        "100" : 0.000000,
        "250" : 0.000000,
        "500" : 0.000000,
        "750" : 0.010000,
        "1000" : 0.031320
      },
      "latency_ms" : {
        "2" : 2.706924,
        "4" : 1.939793,
        "10" : 92.072434,
        "20" : 0.367296,
        "50" : 2.802917,
        "100" : 0.010000,
        "250" : 0.078096,
        "500" : 0.000000,
        "750" : 0.000000,
        "1000" : 0.000000,
        "2000" : 0.000000,
        ">=2000" : 0.000000
      },
      "latency_depth" : 48,
      "latency_target" : 0,
      "latency_percentile" : 100.000000,
      "latency_window" : 0
    }
  ],
  "disk_util" : [
    {
      "name" : "sda",
      "read_ios" : 0,
      "write_ios" : 308,
      "read_merges" : 0,
      "write_merges" : 275,
      "read_ticks" : 0,
      "write_ticks" : 8588,
      "in_queue" : 8588,
      "util" : 5.244545
    }
  ]
}
