{
  "fio version" : "fio-3.19-14-g9833",
  "timestamp" : 1585631617,
  "timestamp_ms" : 1585631617008,
  "time" : "Tue Mar 31 00:13:37 2020",
  "global options" : {
    "ioengine" : "rbd",
    "rw" : "randwrite",
    "bs" : "4096",
    "time_based" : "1",
    "runtime" : "30",
    "direct" : " 1",
    "clientname" : "admin",
    "pool" : "mybench",
    "rbdname" : "image1"
  },
  "jobs" : [
    {
      "jobname" : "fio-write",
      "groupid" : 0,
      "error" : 0,
      "eta" : 0,
      "elapsed" : 31,
      "job options" : {
        "iodepth" : "48"
      },
      "read" : {
        "io_bytes" : 0,
        "io_kbytes" : 0,
        "bw_bytes" : 0,
        "bw" : 0,
        "iops" : 0.000000,
        "runtime" : 0,
        "total_ios" : 0,
        "short_ios" : 0,
        "drop_ios" : 0,
        "slat_ns" : {
          "min" : 0,
          "max" : 0,
          "mean" : 0.000000,
          "stddev" : 0.000000,
          "N" : 0
        },
        "clat_ns" : {
          "min" : 0,
          "max" : 0,
          "mean" : 0.000000,
          "stddev" : 0.000000,
          "N" : 0
        },
        "lat_ns" : {
          "min" : 0,
          "max" : 0,
          "mean" : 0.000000,
          "stddev" : 0.000000,
          "N" : 0
        },
        "bw_min" : 0,
        "bw_max" : 0,
        "bw_agg" : 0.000000,
        "bw_mean" : 0.000000,
        "bw_dev" : 0.000000,
        "bw_samples" : 0,
        "iops_min" : 0,
        "iops_max" : 0,
        "iops_mean" : 0.000000,
        "iops_stddev" : 0.000000,
        "iops_samples" : 0
      },
      "write" : {
        "io_bytes" : 1691951104,
        "io_kbytes" : 1652296,
        "bw_bytes" : 56392730,
        "bw" : 55071,
        "iops" : 13767.756558,
        "runtime" : 30003,
        "total_ios" : 413074,
        "short_ios" : 0,
        "drop_ios" : 0,
        "slat_ns" : {
          "min" : 950,
          "max" : 344498,
          "mean" : 3630.575168,
          "stddev" : 3336.991480,
          "N" : 413074
        },
        "clat_ns" : {
          "min" : 711615,
          "max" : 180814015,
          "mean" : 3481479.593216,
          "stddev" : 5453249.100978,
          "N" : 413074,
          "percentile" : {
            "1.000000" : 1220608,
            "5.000000" : 1826816,
            "10.000000" : 2088960,
            "20.000000" : 2375680,
            "30.000000" : 2539520,
            "40.000000" : 2670592,
            "50.000000" : 2801664,
            "60.000000" : 2932736,
            "70.000000" : 3063808,
            "80.000000" : 3293184,
            "90.000000" : 3620864,
            "95.000000" : 3981312,
            "99.000000" : 34865152,
            "99.500000" : 36438016,
            "99.900000" : 40108032,
            "99.950000" : 107479040,
            "99.990000" : 177209344
          }
        },
        "lat_ns" : {
          "min" : 719765,
          "max" : 180816379,
          "mean" : 3485110.168384,
          "stddev" : 5453766.407274,
          "N" : 413074
        },
        "bw_min" : 6119,
        "bw_max" : 76648,
        "bw_agg" : 100.000000,
        "bw_mean" : 55255.033898,
        "bw_dev" : 20987.163963,
        "bw_samples" : 59,
        "iops_min" : 1529,
        "iops_max" : 19162,
        "iops_mean" : 13813.745763,
        "iops_stddev" : 5246.821266,
        "iops_samples" : 59
      },
      "trim" : {
        "io_bytes" : 0,
        "io_kbytes" : 0,
        "bw_bytes" : 0,
        "bw" : 0,
        "iops" : 0.000000,
        "runtime" : 0,
        "total_ios" : 0,
        "short_ios" : 0,
        "drop_ios" : 0,
        "slat_ns" : {
          "min" : 0,
          "max" : 0,
          "mean" : 0.000000,
          "stddev" : 0.000000,
          "N" : 0
        },
        "clat_ns" : {
          "min" : 0,
          "max" : 0,
          "mean" : 0.000000,
          "stddev" : 0.000000,
          "N" : 0
        },
        "lat_ns" : {
          "min" : 0,
          "max" : 0,
          "mean" : 0.000000,
          "stddev" : 0.000000,
          "N" : 0
        },
        "bw_min" : 0,
        "bw_max" : 0,
        "bw_agg" : 0.000000,
        "bw_mean" : 0.000000,
        "bw_dev" : 0.000000,
        "bw_samples" : 0,
        "iops_min" : 0,
        "iops_max" : 0,
        "iops_mean" : 0.000000,
        "iops_stddev" : 0.000000,
        "iops_samples" : 0
      },
      "sync" : {
        "total_ios" : 0,
        "lat_ns" : {
          "min" : 0,
          "max" : 0,
          "mean" : 0.000000,
          "stddev" : 0.000000,
          "N" : 0
        }
      },
      "job_runtime" : 30002,
      "usr_cpu" : 10.629291,
      "sys_cpu" : 4.579695,
      "ctx" : 172964,
      "majf" : 0,
      "minf" : 2605,
      "iodepth_level" : {
        "1" : 0.100000,
        "2" : 0.100000,
        "4" : 0.100000,
        "8" : 0.100000,
        "16" : 0.100000,
        "32" : 99.992495,
        ">=64" : 0.000000
      },
      "iodepth_submit" : {
        "0" : 0.000000,
        "4" : 100.000000,
        "8" : 0.000000,
        "16" : 0.000000,
        "32" : 0.000000,
        "64" : 0.000000,
        ">=64" : 0.000000
      },
      "iodepth_complete" : {
        "0" : 0.000000,
        "4" : 99.999879,
        "8" : 0.000000,
        "16" : 0.000000,
        "32" : 0.000000,
        "64" : 0.100000,
        ">=64" : 0.000000
      },
      "latency_ns" : {
        "2" : 0.000000,
        "4" : 0.000000,
        "10" : 0.000000,
        "20" : 0.000000,
        "50" : 0.000000,
        "100" : 0.000000,
        "250" : 0.000000,
        "500" : 0.000000,
        "750" : 0.000000,
        "1000" : 0.000000
      },
      "latency_us" : {
        "2" : 0.000000,
        "4" : 0.000000,
        "10" : 0.000000,
        "20" : 0.000000,
        "50" : 0.000000,
        "100" : 0.000000,
        "250" : 0.000000,
        "500" : 0.000000,
        "750" : 0.010000,
        "1000" : 0.139200
      },
      "latency_ms" : {
        "2" : 7.742923,
        "4" : 87.207861,
        "10" : 2.904080,
        "20" : 0.134601,
        "50" : 1.811540,
        "100" : 0.000000,
        "250" : 0.058101,
        "500" : 0.000000,
        "750" : 0.000000,
        "1000" : 0.000000,
        "2000" : 0.000000,
        ">=2000" : 0.000000
      },
      "latency_depth" : 48,
      "latency_target" : 0,
      "latency_percentile" : 100.000000,
      "latency_window" : 0
    }
  ],
  "disk_util" : [
    {
      "name" : "sda",
      "read_ios" : 0,
      "write_ios" : 231,
      "read_merges" : 0,
      "write_merges" : 227,
      "read_ticks" : 0,
      "write_ticks" : 2628,
      "in_queue" : 2628,
      "util" : 4.831176
    }
  ]
}
