{
  "fio version" : "fio-3.18-22-g8324e",
  "timestamp" : 1585159429,
  "timestamp_ms" : 1585159429436,
  "time" : "Wed Mar 25 13:03:49 2020",
  "global options" : {
    "ioengine" : "rbd",
    "rw" : "randwrite",
    "bs" : "4096",
    "time_based" : "1",
    "runtime" : "60",
    "direct" : " 1",
    "clientname" : "admin",
    "pool" : "mybench",
    "rbdname" : "image1"
  },
  "jobs" : [
    {
      "jobname" : "fio-write",
      "groupid" : 0,
      "error" : 0,
      "eta" : 0,
      "elapsed" : 61,
      "job options" : {
        "iodepth" : "48"
      },
      "read" : {
        "io_bytes" : 0,
        "io_kbytes" : 0,
        "bw_bytes" : 0,
        "bw" : 0,
        "iops" : 0.000000,
        "runtime" : 0,
        "total_ios" : 0,
        "short_ios" : 0,
        "drop_ios" : 0,
        "slat_ns" : {
          "min" : 0,
          "max" : 0,
          "mean" : 0.000000,
          "stddev" : 0.000000,
          "N" : 0
        },
        "clat_ns" : {
          "min" : 0,
          "max" : 0,
          "mean" : 0.000000,
          "stddev" : 0.000000,
          "N" : 0
        },
        "lat_ns" : {
          "min" : 0,
          "max" : 0,
          "mean" : 0.000000,
          "stddev" : 0.000000,
          "N" : 0
        },
        "bw_min" : 0,
        "bw_max" : 0,
        "bw_agg" : 0.000000,
        "bw_mean" : 0.000000,
        "bw_dev" : 0.000000,
        "bw_samples" : 0,
        "iops_min" : 0,
        "iops_max" : 0,
        "iops_mean" : 0.000000,
        "iops_stddev" : 0.000000,
        "iops_samples" : 0
      },
      "write" : {
        "io_bytes" : 3092426752,
        "io_kbytes" : 3019948,
        "bw_bytes" : 51537010,
        "bw" : 50329,
        "iops" : 12582.277848,
        "runtime" : 60004,
        "total_ios" : 754987,
        "short_ios" : 0,
        "drop_ios" : 0,
        "slat_ns" : {
          "min" : 842,
          "max" : 504366,
          "mean" : 4098.383875,
          "stddev" : 4569.638465,
          "N" : 754987
        },
        "clat_ns" : {
          "min" : 551606,
          "max" : 3269890534,
          "mean" : 3809424.631955,
          "stddev" : 42732780.059894,
          "N" : 754987,
          "percentile" : {
            "1.000000" : 1466368,
            "5.000000" : 2023424,
            "10.000000" : 2211840,
            "20.000000" : 2375680,
            "30.000000" : 2539520,
            "40.000000" : 2637824,
            "50.000000" : 2768896,
            "60.000000" : 2867200,
            "70.000000" : 3031040,
            "80.000000" : 3194880,
            "90.000000" : 3489792,
            "95.000000" : 3817472,
            "99.000000" : 32112640,
            "99.500000" : 38010880,
            "99.900000" : 44826624,
            "99.950000" : 123207680,
            "99.990000" : 3070230528
          }
        },
        "lat_ns" : {
          "min" : 567980,
          "max" : 3269903078,
          "mean" : 3813523.015831,
          "stddev" : 42732850.506567,
          "N" : 754987
        },
        "bw_min" : 16,
        "bw_max" : 76272,
        "bw_agg" : 100.000000,
        "bw_mean" : 56608.726415,
        "bw_dev" : 21158.330445,
        "bw_samples" : 106,
        "iops_min" : 4,
        "iops_max" : 19068,
        "iops_mean" : 14152.160377,
        "iops_stddev" : 5289.571154,
        "iops_samples" : 106
      },
      "trim" : {
        "io_bytes" : 0,
        "io_kbytes" : 0,
        "bw_bytes" : 0,
        "bw" : 0,
        "iops" : 0.000000,
        "runtime" : 0,
        "total_ios" : 0,
        "short_ios" : 0,
        "drop_ios" : 0,
        "slat_ns" : {
          "min" : 0,
          "max" : 0,
          "mean" : 0.000000,
          "stddev" : 0.000000,
          "N" : 0
        },
        "clat_ns" : {
          "min" : 0,
          "max" : 0,
          "mean" : 0.000000,
          "stddev" : 0.000000,
          "N" : 0
        },
        "lat_ns" : {
          "min" : 0,
          "max" : 0,
          "mean" : 0.000000,
          "stddev" : 0.000000,
          "N" : 0
        },
        "bw_min" : 0,
        "bw_max" : 0,
        "bw_agg" : 0.000000,
        "bw_mean" : 0.000000,
        "bw_dev" : 0.000000,
        "bw_samples" : 0,
        "iops_min" : 0,
        "iops_max" : 0,
        "iops_mean" : 0.000000,
        "iops_stddev" : 0.000000,
        "iops_samples" : 0
      },
      "sync" : {
        "total_ios" : 0,
        "lat_ns" : {
          "min" : 0,
          "max" : 0,
          "mean" : 0.000000,
          "stddev" : 0.000000,
          "N" : 0
        }
      },
      "job_runtime" : 60003,
      "usr_cpu" : 10.946119,
      "sys_cpu" : 4.993084,
      "ctx" : 205010,
      "majf" : 0,
      "minf" : 9455,
      "iodepth_level" : {
        "1" : 0.100000,
        "2" : 0.100000,
        "4" : 0.100000,
        "8" : 0.100000,
        "16" : 0.100000,
        "32" : 99.995894,
        ">=64" : 0.000000
      },
      "iodepth_submit" : {
        "0" : 0.000000,
        "4" : 100.000000,
        "8" : 0.000000,
        "16" : 0.000000,
        "32" : 0.000000,
        "64" : 0.000000,
        ">=64" : 0.000000
      },
      "iodepth_complete" : {
        "0" : 0.000000,
        "4" : 99.999934,
        "8" : 0.000000,
        "16" : 0.000000,
        "32" : 0.000000,
        "64" : 0.100000,
        ">=64" : 0.000000
      },
      "latency_ns" : {
        "2" : 0.000000,
        "4" : 0.000000,
        "10" : 0.000000,
        "20" : 0.000000,
        "50" : 0.000000,
        "100" : 0.000000,
        "250" : 0.000000,
        "500" : 0.000000,
        "750" : 0.000000,
        "1000" : 0.000000
      },
      "latency_us" : {
        "2" : 0.000000,
        "4" : 0.000000,
        "10" : 0.000000,
        "20" : 0.000000,
        "50" : 0.000000,
        "100" : 0.000000,
        "250" : 0.000000,
        "500" : 0.000000,
        "750" : 0.010000,
        "1000" : 0.077352
      },
      "latency_ms" : {
        "2" : 4.503786,
        "4" : 91.588200,
        "10" : 2.729848,
        "20" : 0.056690,
        "50" : 0.961209,
        "100" : 0.010000,
        "250" : 0.057484,
        "500" : 0.000000,
        "750" : 0.000000,
        "1000" : 0.000000,
        "2000" : 0.000000,
        ">=2000" : 0.019073
      },
      "latency_depth" : 48,
      "latency_target" : 0,
      "latency_percentile" : 100.000000,
      "latency_window" : 0
    }
  ],
  "disk_util" : [
    {
      "name" : "sda",
      "read_ios" : 0,
      "write_ios" : 711,
      "read_merges" : 0,
      "write_merges" : 767,
      "read_ticks" : 0,
      "write_ticks" : 17052,
      "in_queue" : 17052,
      "util" : 7.316626
    }
  ]
}
