{
  "fio version" : "fio-3.19-33-g3f2d",
  "timestamp" : 1587413809,
  "timestamp_ms" : 1587413809416,
  "time" : "Mon Apr 20 15:16:49 2020",
  "global options" : {
    "ioengine" : "rbd",
    "rw" : "randwrite",
    "bs" : "4096",
    "time_based" : "1",
    "runtime" : "30",
    "direct" : " 1",
    "clientname" : "admin",
    "pool" : "mybench",
    "rbdname" : "image1"
  },
  "jobs" : [
    {
      "jobname" : "fio-write",
      "groupid" : 0,
      "error" : 0,
      "eta" : 0,
      "elapsed" : 31,
      "job options" : {
        "iodepth" : "48"
      },
      "read" : {
        "io_bytes" : 0,
        "io_kbytes" : 0,
        "bw_bytes" : 0,
        "bw" : 0,
        "iops" : 0.000000,
        "runtime" : 0,
        "total_ios" : 0,
        "short_ios" : 0,
        "drop_ios" : 0,
        "slat_ns" : {
          "min" : 0,
          "max" : 0,
          "mean" : 0.000000,
          "stddev" : 0.000000,
          "N" : 0
        },
        "clat_ns" : {
          "min" : 0,
          "max" : 0,
          "mean" : 0.000000,
          "stddev" : 0.000000,
          "N" : 0
        },
        "lat_ns" : {
          "min" : 0,
          "max" : 0,
          "mean" : 0.000000,
          "stddev" : 0.000000,
          "N" : 0
        },
        "bw_min" : 0,
        "bw_max" : 0,
        "bw_agg" : 0.000000,
        "bw_mean" : 0.000000,
        "bw_dev" : 0.000000,
        "bw_samples" : 0,
        "iops_min" : 0,
        "iops_max" : 0,
        "iops_mean" : 0.000000,
        "iops_stddev" : 0.000000,
        "iops_samples" : 0
      },
      "write" : {
        "io_bytes" : 1587539968,
        "io_kbytes" : 1550332,
        "bw_bytes" : 52912707,
        "bw" : 51672,
        "iops" : 12918.141519,
        "runtime" : 30003,
        "total_ios" : 387583,
        "short_ios" : 0,
        "drop_ios" : 0,
        "slat_ns" : {
          "min" : 910,
          "max" : 149011,
          "mean" : 4093.155229,
          "stddev" : 4446.988919,
          "N" : 387583
        },
        "clat_ns" : {
          "min" : 697340,
          "max" : 205007204,
          "mean" : 3710124.660566,
          "stddev" : 6552789.605254,
          "N" : 387583,
          "percentile" : {
            "1.000000" : 1368064,
            "5.000000" : 1957888,
            "10.000000" : 2179072,
            "20.000000" : 2375680,
            "30.000000" : 2506752,
            "40.000000" : 2605056,
            "50.000000" : 2736128,
            "60.000000" : 2834432,
            "70.000000" : 2965504,
            "80.000000" : 3129344,
            "90.000000" : 3424256,
            "95.000000" : 3948544,
            "99.000000" : 38010880,
            "99.500000" : 40632320,
            "99.900000" : 47448064,
            "99.950000" : 112721920,
            "99.990000" : 204472320
          }
        },
        "lat_ns" : {
          "min" : 701342,
          "max" : 205024928,
          "mean" : 3714217.815794,
          "stddev" : 6553187.444772,
          "N" : 387583
        },
        "bw_min" : 5880,
        "bw_max" : 73720,
        "bw_agg" : 100.000000,
        "bw_mean" : 51786.305085,
        "bw_dev" : 24733.883348,
        "bw_samples" : 59,
        "iops_min" : 1470,
        "iops_max" : 18430,
        "iops_mean" : 12946.576271,
        "iops_stddev" : 6183.470837,
        "iops_samples" : 59
      },
      "trim" : {
        "io_bytes" : 0,
        "io_kbytes" : 0,
        "bw_bytes" : 0,
        "bw" : 0,
        "iops" : 0.000000,
        "runtime" : 0,
        "total_ios" : 0,
        "short_ios" : 0,
        "drop_ios" : 0,
        "slat_ns" : {
          "min" : 0,
          "max" : 0,
          "mean" : 0.000000,
          "stddev" : 0.000000,
          "N" : 0
        },
        "clat_ns" : {
          "min" : 0,
          "max" : 0,
          "mean" : 0.000000,
          "stddev" : 0.000000,
          "N" : 0
        },
        "lat_ns" : {
          "min" : 0,
          "max" : 0,
          "mean" : 0.000000,
          "stddev" : 0.000000,
          "N" : 0
        },
        "bw_min" : 0,
        "bw_max" : 0,
        "bw_agg" : 0.000000,
        "bw_mean" : 0.000000,
        "bw_dev" : 0.000000,
        "bw_samples" : 0,
        "iops_min" : 0,
        "iops_max" : 0,
        "iops_mean" : 0.000000,
        "iops_stddev" : 0.000000,
        "iops_samples" : 0
      },
      "sync" : {
        "total_ios" : 0,
        "lat_ns" : {
          "min" : 0,
          "max" : 0,
          "mean" : 0.000000,
          "stddev" : 0.000000,
          "N" : 0
        }
      },
      "job_runtime" : 30002,
      "usr_cpu" : 11.115926,
      "sys_cpu" : 5.582961,
      "ctx" : 97313,
      "majf" : 0,
      "minf" : 4082,
      "iodepth_level" : {
        "1" : 0.100000,
        "2" : 0.100000,
        "4" : 0.100000,
        "8" : 0.100000,
        "16" : 0.100000,
        "32" : 99.992002,
        ">=64" : 0.000000
      },
      "iodepth_submit" : {
        "0" : 0.000000,
        "4" : 100.000000,
        "8" : 0.000000,
        "16" : 0.000000,
        "32" : 0.000000,
        "64" : 0.000000,
        ">=64" : 0.000000
      },
      "iodepth_complete" : {
        "0" : 0.000000,
        "4" : 99.999871,
        "8" : 0.000000,
        "16" : 0.000000,
        "32" : 0.000000,
        "64" : 0.100000,
        ">=64" : 0.000000
      },
      "latency_ns" : {
        "2" : 0.000000,
        "4" : 0.000000,
        "10" : 0.000000,
        "20" : 0.000000,
        "50" : 0.000000,
        "100" : 0.000000,
        "250" : 0.000000,
        "500" : 0.000000,
        "750" : 0.000000,
        "1000" : 0.000000
      },
      "latency_us" : {
        "2" : 0.000000,
        "4" : 0.000000,
        "10" : 0.000000,
        "20" : 0.000000,
        "50" : 0.000000,
        "100" : 0.000000,
        "250" : 0.000000,
        "500" : 0.000000,
        "750" : 0.010000,
        "1000" : 0.041023
      },
      "latency_ms" : {
        "2" : 5.539975,
        "4" : 89.613838,
        "10" : 2.110774,
        "20" : 0.095205,
        "50" : 2.530039,
        "100" : 0.010000,
        "250" : 0.061922,
        "500" : 0.000000,
        "750" : 0.000000,
        "1000" : 0.000000,
        "2000" : 0.000000,
        ">=2000" : 0.000000
      },
      "latency_depth" : 48,
      "latency_target" : 0,
      "latency_percentile" : 100.000000,
      "latency_window" : 0
    }
  ],
  "disk_util" : [
    {
      "name" : "sda",
      "read_ios" : 0,
      "write_ios" : 295,
      "read_merges" : 0,
      "write_merges" : 250,
      "read_ticks" : 0,
      "write_ticks" : 7032,
      "in_queue" : 7048,
      "util" : 5.819152
    }
  ]
}
