{
  "fio version" : "fio-3.19-14-g9833",
  "timestamp" : 1585631949,
  "timestamp_ms" : 1585631949922,
  "time" : "Tue Mar 31 00:19:09 2020",
  "global options" : {
    "ioengine" : "rbd",
    "rw" : "write",
    "bs" : "4096",
    "time_based" : "1",
    "runtime" : "30",
    "direct" : " 1",
    "clientname" : "admin",
    "pool" : "mybench",
    "rbdname" : "image1"
  },
  "jobs" : [
    {
      "jobname" : "fio-write",
      "groupid" : 0,
      "error" : 0,
      "eta" : 0,
      "elapsed" : 31,
      "job options" : {
        "iodepth" : "48"
      },
      "read" : {
        "io_bytes" : 0,
        "io_kbytes" : 0,
        "bw_bytes" : 0,
        "bw" : 0,
        "iops" : 0.000000,
        "runtime" : 0,
        "total_ios" : 0,
        "short_ios" : 0,
        "drop_ios" : 0,
        "slat_ns" : {
          "min" : 0,
          "max" : 0,
          "mean" : 0.000000,
          "stddev" : 0.000000,
          "N" : 0
        },
        "clat_ns" : {
          "min" : 0,
          "max" : 0,
          "mean" : 0.000000,
          "stddev" : 0.000000,
          "N" : 0
        },
        "lat_ns" : {
          "min" : 0,
          "max" : 0,
          "mean" : 0.000000,
          "stddev" : 0.000000,
          "N" : 0
        },
        "bw_min" : 0,
        "bw_max" : 0,
        "bw_agg" : 0.000000,
        "bw_mean" : 0.000000,
        "bw_dev" : 0.000000,
        "bw_samples" : 0,
        "iops_min" : 0,
        "iops_max" : 0,
        "iops_mean" : 0.000000,
        "iops_stddev" : 0.000000,
        "iops_samples" : 0
      },
      "write" : {
        "io_bytes" : 1996029952,
        "io_kbytes" : 1949248,
        "bw_bytes" : 66527678,
        "bw" : 64968,
        "iops" : 16242.109122,
        "runtime" : 30003,
        "total_ios" : 487312,
        "short_ios" : 0,
        "drop_ios" : 0,
        "slat_ns" : {
          "min" : 836,
          "max" : 157559,
          "mean" : 4608.093281,
          "stddev" : 4304.577988,
          "N" : 487312
        },
        "clat_ns" : {
          "min" : 829826,
          "max" : 122336718,
          "mean" : 2949807.966738,
          "stddev" : 1450213.420712,
          "N" : 487312,
          "percentile" : {
            "1.000000" : 1302528,
            "5.000000" : 1613824,
            "10.000000" : 1794048,
            "20.000000" : 2023424,
            "30.000000" : 2342912,
            "40.000000" : 2801664,
            "50.000000" : 3129344,
            "60.000000" : 3325952,
            "70.000000" : 3489792,
            "80.000000" : 3653632,
            "90.000000" : 3883008,
            "95.000000" : 4046848,
            "99.000000" : 4554752,
            "99.500000" : 5013504,
            "99.900000" : 5931008,
            "99.950000" : 7045120,
            "99.990000" : 14090240
          }
        },
        "lat_ns" : {
          "min" : 834949,
          "max" : 122340219,
          "mean" : 2954416.060019,
          "stddev" : 1449657.682447,
          "N" : 487312
        },
        "bw_min" : 43520,
        "bw_max" : 77384,
        "bw_agg" : 100.000000,
        "bw_mean" : 64988.118644,
        "bw_dev" : 5749.676549,
        "bw_samples" : 59,
        "iops_min" : 10880,
        "iops_max" : 19346,
        "iops_mean" : 16246.983051,
        "iops_stddev" : 1437.412492,
        "iops_samples" : 59
      },
      "trim" : {
        "io_bytes" : 0,
        "io_kbytes" : 0,
        "bw_bytes" : 0,
        "bw" : 0,
        "iops" : 0.000000,
        "runtime" : 0,
        "total_ios" : 0,
        "short_ios" : 0,
        "drop_ios" : 0,
        "slat_ns" : {
          "min" : 0,
          "max" : 0,
          "mean" : 0.000000,
          "stddev" : 0.000000,
          "N" : 0
        },
        "clat_ns" : {
          "min" : 0,
          "max" : 0,
          "mean" : 0.000000,
          "stddev" : 0.000000,
          "N" : 0
        },
        "lat_ns" : {
          "min" : 0,
          "max" : 0,
          "mean" : 0.000000,
          "stddev" : 0.000000,
          "N" : 0
        },
        "bw_min" : 0,
        "bw_max" : 0,
        "bw_agg" : 0.000000,
        "bw_mean" : 0.000000,
        "bw_dev" : 0.000000,
        "bw_samples" : 0,
        "iops_min" : 0,
        "iops_max" : 0,
        "iops_mean" : 0.000000,
        "iops_stddev" : 0.000000,
        "iops_samples" : 0
      },
      "sync" : {
        "total_ios" : 0,
        "lat_ns" : {
          "min" : 0,
          "max" : 0,
          "mean" : 0.000000,
          "stddev" : 0.000000,
          "N" : 0
        }
      },
      "job_runtime" : 30002,
      "usr_cpu" : 11.729218,
      "sys_cpu" : 3.733084,
      "ctx" : 39006,
      "majf" : 0,
      "minf" : 1268,
      "iodepth_level" : {
        "1" : 0.100000,
        "2" : 0.100000,
        "4" : 0.100000,
        "8" : 0.100000,
        "16" : 0.100000,
        "32" : 99.993639,
        ">=64" : 0.000000
      },
      "iodepth_submit" : {
        "0" : 0.000000,
        "4" : 100.000000,
        "8" : 0.000000,
        "16" : 0.000000,
        "32" : 0.000000,
        "64" : 0.000000,
        ">=64" : 0.000000
      },
      "iodepth_complete" : {
        "0" : 0.000000,
        "4" : 99.999897,
        "8" : 0.000000,
        "16" : 0.000000,
        "32" : 0.000000,
        "64" : 0.100000,
        ">=64" : 0.000000
      },
      "latency_ns" : {
        "2" : 0.000000,
        "4" : 0.000000,
        "10" : 0.000000,
        "20" : 0.000000,
        "50" : 0.000000,
        "100" : 0.000000,
        "250" : 0.000000,
        "500" : 0.000000,
        "750" : 0.000000,
        "1000" : 0.000000
      },
      "latency_us" : {
        "2" : 0.000000,
        "4" : 0.000000,
        "10" : 0.000000,
        "20" : 0.000000,
        "50" : 0.000000,
        "100" : 0.000000,
        "250" : 0.000000,
        "500" : 0.000000,
        "750" : 0.000000,
        "1000" : 0.024830
      },
      "latency_ms" : {
        "2" : 18.998711,
        "4" : 74.992613,
        "10" : 5.954296,
        "20" : 0.019700,
        "50" : 0.000000,
        "100" : 0.000000,
        "250" : 0.010000,
        "500" : 0.000000,
        "750" : 0.000000,
        "1000" : 0.000000,
        "2000" : 0.000000,
        ">=2000" : 0.000000
      },
      "latency_depth" : 48,
      "latency_target" : 0,
      "latency_percentile" : 100.000000,
      "latency_window" : 0
    }
  ],
  "disk_util" : [
    {
      "name" : "sda",
      "read_ios" : 0,
      "write_ios" : 334,
      "read_merges" : 0,
      "write_merges" : 225,
      "read_ticks" : 0,
      "write_ticks" : 7036,
      "in_queue" : 7036,
      "util" : 5.418029
    }
  ]
}
