{
  "fio version" : "fio-3.18-22-g8324e",
  "timestamp" : 1585106554,
  "timestamp_ms" : 1585106554907,
  "time" : "Tue Mar 24 22:22:34 2020",
  "global options" : {
    "ioengine" : "rbd",
    "rw" : "randwrite",
    "bs" : "4096",
    "time_based" : "1",
    "runtime" : "300",
    "direct" : " 1",
    "clientname" : "admin",
    "pool" : "mybench",
    "rbdname" : "image1"
  },
  "jobs" : [
    {
      "jobname" : "fio-write",
      "groupid" : 0,
      "error" : 0,
      "eta" : 0,
      "elapsed" : 303,
      "job options" : {
        "iodepth" : "48"
      },
      "read" : {
        "io_bytes" : 0,
        "io_kbytes" : 0,
        "bw_bytes" : 0,
        "bw" : 0,
        "iops" : 0.000000,
        "runtime" : 0,
        "total_ios" : 0,
        "short_ios" : 0,
        "drop_ios" : 0,
        "slat_ns" : {
          "min" : 0,
          "max" : 0,
          "mean" : 0.000000,
          "stddev" : 0.000000,
          "N" : 0
        },
        "clat_ns" : {
          "min" : 0,
          "max" : 0,
          "mean" : 0.000000,
          "stddev" : 0.000000,
          "N" : 0
        },
        "lat_ns" : {
          "min" : 0,
          "max" : 0,
          "mean" : 0.000000,
          "stddev" : 0.000000,
          "N" : 0
        },
        "bw_min" : 0,
        "bw_max" : 0,
        "bw_agg" : 0.000000,
        "bw_mean" : 0.000000,
        "bw_dev" : 0.000000,
        "bw_samples" : 0,
        "iops_min" : 0,
        "iops_max" : 0,
        "iops_mean" : 0.000000,
        "iops_stddev" : 0.000000,
        "iops_samples" : 0
      },
      "write" : {
        "io_bytes" : 8981590016,
        "io_kbytes" : 8771084,
        "bw_bytes" : 29700043,
        "bw" : 29003,
        "iops" : 7250.987071,
        "runtime" : 302410,
        "total_ios" : 2192771,
        "short_ios" : 0,
        "drop_ios" : 0,
        "slat_ns" : {
          "min" : 850,
          "max" : 245995,
          "mean" : 3962.243089,
          "stddev" : 4382.522731,
          "N" : 2192771
        },
        "clat_ns" : {
          "min" : 477508,
          "max" : 3385564646,
          "mean" : 6614595.238324,
          "stddev" : 101978101.754082,
          "N" : 2192771,
          "percentile" : {
            "1.000000" : 1220608,
            "5.000000" : 1990656,
            "10.000000" : 2277376,
            "20.000000" : 2506752,
            "30.000000" : 2703360,
            "40.000000" : 2834432,
            "50.000000" : 2965504,
            "60.000000" : 3096576,
            "70.000000" : 3260416,
            "80.000000" : 3489792,
            "90.000000" : 3850240,
            "95.000000" : 4292608,
            "99.000000" : 7503872,
            "99.500000" : 31850496,
            "99.900000" : 2902458368,
            "99.950000" : 3137339392,
            "99.990000" : 3271557120
          }
        },
        "lat_ns" : {
          "min" : 486690,
          "max" : 3385585763,
          "mean" : 6618557.481412,
          "stddev" : 101978144.579388,
          "N" : 2192771
        },
        "bw_min" : 48,
        "bw_max" : 71168,
        "bw_agg" : 100.000000,
        "bw_mean" : 46158.718421,
        "bw_dev" : 22298.667618,
        "bw_samples" : 380,
        "iops_min" : 12,
        "iops_max" : 17792,
        "iops_mean" : 11539.678947,
        "iops_stddev" : 5574.669734,
        "iops_samples" : 380
      },
      "trim" : {
        "io_bytes" : 0,
        "io_kbytes" : 0,
        "bw_bytes" : 0,
        "bw" : 0,
        "iops" : 0.000000,
        "runtime" : 0,
        "total_ios" : 0,
        "short_ios" : 0,
        "drop_ios" : 0,
        "slat_ns" : {
          "min" : 0,
          "max" : 0,
          "mean" : 0.000000,
          "stddev" : 0.000000,
          "N" : 0
        },
        "clat_ns" : {
          "min" : 0,
          "max" : 0,
          "mean" : 0.000000,
          "stddev" : 0.000000,
          "N" : 0
        },
        "lat_ns" : {
          "min" : 0,
          "max" : 0,
          "mean" : 0.000000,
          "stddev" : 0.000000,
          "N" : 0
        },
        "bw_min" : 0,
        "bw_max" : 0,
        "bw_agg" : 0.000000,
        "bw_mean" : 0.000000,
        "bw_dev" : 0.000000,
        "bw_samples" : 0,
        "iops_min" : 0,
        "iops_max" : 0,
        "iops_mean" : 0.000000,
        "iops_stddev" : 0.000000,
        "iops_samples" : 0
      },
      "sync" : {
        "total_ios" : 0,
        "lat_ns" : {
          "min" : 0,
          "max" : 0,
          "mean" : 0.000000,
          "stddev" : 0.000000,
          "N" : 0
        }
      },
      "job_runtime" : 302409,
      "usr_cpu" : 6.224682,
      "sys_cpu" : 3.012807,
      "ctx" : 616132,
      "majf" : 0,
      "minf" : 9257,
      "iodepth_level" : {
        "1" : 0.100000,
        "2" : 0.100000,
        "4" : 0.100000,
        "8" : 0.100000,
        "16" : 0.100000,
        "32" : 99.998586,
        ">=64" : 0.000000
      },
      "iodepth_submit" : {
        "0" : 0.000000,
        "4" : 100.000000,
        "8" : 0.000000,
        "16" : 0.000000,
        "32" : 0.000000,
        "64" : 0.000000,
        ">=64" : 0.000000
      },
      "iodepth_complete" : {
        "0" : 0.000000,
        "4" : 99.999977,
        "8" : 0.000000,
        "16" : 0.000000,
        "32" : 0.000000,
        "64" : 0.100000,
        ">=64" : 0.000000
      },
      "latency_ns" : {
        "2" : 0.000000,
        "4" : 0.000000,
        "10" : 0.000000,
        "20" : 0.000000,
        "50" : 0.000000,
        "100" : 0.000000,
        "250" : 0.000000,
        "500" : 0.000000,
        "750" : 0.000000,
        "1000" : 0.000000
      },
      "latency_us" : {
        "2" : 0.000000,
        "4" : 0.000000,
        "10" : 0.000000,
        "20" : 0.000000,
        "50" : 0.000000,
        "100" : 0.000000,
        "250" : 0.000000,
        "500" : 0.010000,
        "750" : 0.035617,
        "1000" : 0.263411
      },
      "latency_ms" : {
        "2" : 4.722518,
        "4" : 87.344096,
        "10" : 6.999819,
        "20" : 0.111731,
        "50" : 0.333733,
        "100" : 0.010000,
        "250" : 0.081404,
        "500" : 0.000000,
        "750" : 0.000000,
        "1000" : 0.000000,
        "2000" : 0.010000,
        ">=2000" : 0.107216
      },
      "latency_depth" : 48,
      "latency_target" : 0,
      "latency_percentile" : 100.000000,
      "latency_window" : 0
    }
  ],
  "disk_util" : [
    {
      "name" : "sda",
      "read_ios" : 0,
      "write_ios" : 5023,
      "read_merges" : 0,
      "write_merges" : 6196,
      "read_ticks" : 0,
      "write_ticks" : 52424,
      "in_queue" : 52436,
      "util" : 13.982800
    }
  ]
}
