{
  "fio version" : "fio-3.18-22-g8324e",
  "timestamp" : 1585175427,
  "timestamp_ms" : 1585175427723,
  "time" : "Wed Mar 25 17:30:27 2020",
  "global options" : {
    "ioengine" : "rbd",
    "rw" : "randwrite",
    "bs" : "4096",
    "time_based" : "1",
    "runtime" : "30",
    "direct" : " 1",
    "clientname" : "admin",
    "pool" : "mybench",
    "rbdname" : "image1"
  },
  "jobs" : [
    {
      "jobname" : "fio-write",
      "groupid" : 0,
      "error" : 0,
      "eta" : 0,
      "elapsed" : 31,
      "job options" : {
        "iodepth" : "48"
      },
      "read" : {
        "io_bytes" : 0,
        "io_kbytes" : 0,
        "bw_bytes" : 0,
        "bw" : 0,
        "iops" : 0.000000,
        "runtime" : 0,
        "total_ios" : 0,
        "short_ios" : 0,
        "drop_ios" : 0,
        "slat_ns" : {
          "min" : 0,
          "max" : 0,
          "mean" : 0.000000,
          "stddev" : 0.000000,
          "N" : 0
        },
        "clat_ns" : {
          "min" : 0,
          "max" : 0,
          "mean" : 0.000000,
          "stddev" : 0.000000,
          "N" : 0
        },
        "lat_ns" : {
          "min" : 0,
          "max" : 0,
          "mean" : 0.000000,
          "stddev" : 0.000000,
          "N" : 0
        },
        "bw_min" : 0,
        "bw_max" : 0,
        "bw_agg" : 0.000000,
        "bw_mean" : 0.000000,
        "bw_dev" : 0.000000,
        "bw_samples" : 0,
        "iops_min" : 0,
        "iops_max" : 0,
        "iops_mean" : 0.000000,
        "iops_stddev" : 0.000000,
        "iops_samples" : 0
      },
      "write" : {
        "io_bytes" : 1599664128,
        "io_kbytes" : 1562172,
        "bw_bytes" : 53316805,
        "bw" : 52067,
        "iops" : 13016.798320,
        "runtime" : 30003,
        "total_ios" : 390543,
        "short_ios" : 0,
        "drop_ios" : 0,
        "slat_ns" : {
          "min" : 824,
          "max" : 226356,
          "mean" : 3598.478075,
          "stddev" : 3963.253812,
          "N" : 390543
        },
        "clat_ns" : {
          "min" : 694239,
          "max" : 177564971,
          "mean" : 3682661.434646,
          "stddev" : 5998296.379000,
          "N" : 390543,
          "percentile" : {
            "1.000000" : 1499136,
            "5.000000" : 2113536,
            "10.000000" : 2310144,
            "20.000000" : 2473984,
            "30.000000" : 2605056,
            "40.000000" : 2736128,
            "50.000000" : 2834432,
            "60.000000" : 2965504,
            "70.000000" : 3096576,
            "80.000000" : 3293184,
            "90.000000" : 3653632,
            "95.000000" : 4292608,
            "99.000000" : 38535168,
            "99.500000" : 42205184,
            "99.900000" : 47972352,
            "99.950000" : 120061952,
            "99.990000" : 175112192
          }
        },
        "lat_ns" : {
          "min" : 700974,
          "max" : 177566969,
          "mean" : 3686259.912722,
          "stddev" : 5998965.294234,
          "N" : 390543
        },
        "bw_min" : 4524,
        "bw_max" : 70152,
        "bw_agg" : 100.000000,
        "bw_mean" : 52194.779661,
        "bw_dev" : 22119.787045,
        "bw_samples" : 59,
        "iops_min" : 1131,
        "iops_max" : 17538,
        "iops_mean" : 13048.694915,
        "iops_stddev" : 5529.946761,
        "iops_samples" : 59
      },
      "trim" : {
        "io_bytes" : 0,
        "io_kbytes" : 0,
        "bw_bytes" : 0,
        "bw" : 0,
        "iops" : 0.000000,
        "runtime" : 0,
        "total_ios" : 0,
        "short_ios" : 0,
        "drop_ios" : 0,
        "slat_ns" : {
          "min" : 0,
          "max" : 0,
          "mean" : 0.000000,
          "stddev" : 0.000000,
          "N" : 0
        },
        "clat_ns" : {
          "min" : 0,
          "max" : 0,
          "mean" : 0.000000,
          "stddev" : 0.000000,
          "N" : 0
        },
        "lat_ns" : {
          "min" : 0,
          "max" : 0,
          "mean" : 0.000000,
          "stddev" : 0.000000,
          "N" : 0
        },
        "bw_min" : 0,
        "bw_max" : 0,
        "bw_agg" : 0.000000,
        "bw_mean" : 0.000000,
        "bw_dev" : 0.000000,
        "bw_samples" : 0,
        "iops_min" : 0,
        "iops_max" : 0,
        "iops_mean" : 0.000000,
        "iops_stddev" : 0.000000,
        "iops_samples" : 0
      },
      "sync" : {
        "total_ios" : 0,
        "lat_ns" : {
          "min" : 0,
          "max" : 0,
          "mean" : 0.000000,
          "stddev" : 0.000000,
          "N" : 0
        }
      },
      "job_runtime" : 30002,
      "usr_cpu" : 10.195987,
      "sys_cpu" : 4.656356,
      "ctx" : 133604,
      "majf" : 0,
      "minf" : 4488,
      "iodepth_level" : {
        "1" : 0.100000,
        "2" : 0.100000,
        "4" : 0.100000,
        "8" : 0.100000,
        "16" : 0.100000,
        "32" : 99.992062,
        ">=64" : 0.000000
      },
      "iodepth_submit" : {
        "0" : 0.000000,
        "4" : 100.000000,
        "8" : 0.000000,
        "16" : 0.000000,
        "32" : 0.000000,
        "64" : 0.000000,
        ">=64" : 0.000000
      },
      "iodepth_complete" : {
        "0" : 0.000000,
        "4" : 99.999872,
        "8" : 0.000000,
        "16" : 0.000000,
        "32" : 0.000000,
        "64" : 0.100000,
        ">=64" : 0.000000
      },
      "latency_ns" : {
        "2" : 0.000000,
        "4" : 0.000000,
        "10" : 0.000000,
        "20" : 0.000000,
        "50" : 0.000000,
        "100" : 0.000000,
        "250" : 0.000000,
        "500" : 0.000000,
        "750" : 0.000000,
        "1000" : 0.000000
      },
      "latency_us" : {
        "2" : 0.000000,
        "4" : 0.000000,
        "10" : 0.000000,
        "20" : 0.000000,
        "50" : 0.000000,
        "100" : 0.000000,
        "250" : 0.000000,
        "500" : 0.000000,
        "750" : 0.010000,
        "1000" : 0.033543
      },
      "latency_ms" : {
        "2" : 3.228326,
        "4" : 90.374683,
        "10" : 4.327820,
        "20" : 0.117529,
        "50" : 1.834369,
        "100" : 0.020484,
        "250" : 0.061453,
        "500" : 0.000000,
        "750" : 0.000000,
        "1000" : 0.000000,
        "2000" : 0.000000,
        ">=2000" : 0.000000
      },
      "latency_depth" : 48,
      "latency_target" : 0,
      "latency_percentile" : 100.000000,
      "latency_window" : 0
    }
  ],
  "disk_util" : [
    {
      "name" : "sda",
      "read_ios" : 0,
      "write_ios" : 319,
      "read_merges" : 0,
      "write_merges" : 267,
      "read_ticks" : 0,
      "write_ticks" : 6220,
      "in_queue" : 6220,
      "util" : 5.298809
    }
  ]
}
