{
  "fio version" : "fio-3.19-14-g9833",
  "timestamp" : 1585630693,
  "timestamp_ms" : 1585630693509,
  "time" : "Mon Mar 30 23:58:13 2020",
  "global options" : {
    "ioengine" : "rbd",
    "rw" : "randwrite",
    "bs" : "4096",
    "time_based" : "1",
    "runtime" : "30",
    "direct" : " 1",
    "clientname" : "admin",
    "pool" : "mybench",
    "rbdname" : "image1"
  },
  "jobs" : [
    {
      "jobname" : "fio-write",
      "groupid" : 0,
      "error" : 0,
      "eta" : 0,
      "elapsed" : 31,
      "job options" : {
        "iodepth" : "48"
      },
      "read" : {
        "io_bytes" : 0,
        "io_kbytes" : 0,
        "bw_bytes" : 0,
        "bw" : 0,
        "iops" : 0.000000,
        "runtime" : 0,
        "total_ios" : 0,
        "short_ios" : 0,
        "drop_ios" : 0,
        "slat_ns" : {
          "min" : 0,
          "max" : 0,
          "mean" : 0.000000,
          "stddev" : 0.000000,
          "N" : 0
        },
        "clat_ns" : {
          "min" : 0,
          "max" : 0,
          "mean" : 0.000000,
          "stddev" : 0.000000,
          "N" : 0
        },
        "lat_ns" : {
          "min" : 0,
          "max" : 0,
          "mean" : 0.000000,
          "stddev" : 0.000000,
          "N" : 0
        },
        "bw_min" : 0,
        "bw_max" : 0,
        "bw_agg" : 0.000000,
        "bw_mean" : 0.000000,
        "bw_dev" : 0.000000,
        "bw_samples" : 0,
        "iops_min" : 0,
        "iops_max" : 0,
        "iops_mean" : 0.000000,
        "iops_stddev" : 0.000000,
        "iops_samples" : 0
      },
      "write" : {
        "io_bytes" : 1732972544,
        "io_kbytes" : 1692356,
        "bw_bytes" : 57759975,
        "bw" : 56406,
        "iops" : 14101.556511,
        "runtime" : 30003,
        "total_ios" : 423089,
        "short_ios" : 0,
        "drop_ios" : 0,
        "slat_ns" : {
          "min" : 897,
          "max" : 289977,
          "mean" : 3302.861299,
          "stddev" : 3556.539472,
          "N" : 423089
        },
        "clat_ns" : {
          "min" : 528505,
          "max" : 178032726,
          "mean" : 3399486.085842,
          "stddev" : 5921040.350109,
          "N" : 423089,
          "percentile" : {
            "1.000000" : 1171456,
            "5.000000" : 1826816,
            "10.000000" : 2023424,
            "20.000000" : 2277376,
            "30.000000" : 2441216,
            "40.000000" : 2572288,
            "50.000000" : 2670592,
            "60.000000" : 2768896,
            "70.000000" : 2899968,
            "80.000000" : 3063808,
            "90.000000" : 3358720,
            "95.000000" : 3751936,
            "99.000000" : 32112640,
            "99.500000" : 39059456,
            "99.900000" : 73924608,
            "99.950000" : 80216064,
            "99.990000" : 175112192
          }
        },
        "lat_ns" : {
          "min" : 531017,
          "max" : 178035118,
          "mean" : 3402788.947141,
          "stddev" : 5921303.304722,
          "N" : 423089
        },
        "bw_min" : 6720,
        "bw_max" : 75000,
        "bw_agg" : 100.000000,
        "bw_mean" : 56493.288136,
        "bw_dev" : 21677.010844,
        "bw_samples" : 59,
        "iops_min" : 1680,
        "iops_max" : 18750,
        "iops_mean" : 14123.322034,
        "iops_stddev" : 5419.252711,
        "iops_samples" : 59
      },
      "trim" : {
        "io_bytes" : 0,
        "io_kbytes" : 0,
        "bw_bytes" : 0,
        "bw" : 0,
        "iops" : 0.000000,
        "runtime" : 0,
        "total_ios" : 0,
        "short_ios" : 0,
        "drop_ios" : 0,
        "slat_ns" : {
          "min" : 0,
          "max" : 0,
          "mean" : 0.000000,
          "stddev" : 0.000000,
          "N" : 0
        },
        "clat_ns" : {
          "min" : 0,
          "max" : 0,
          "mean" : 0.000000,
          "stddev" : 0.000000,
          "N" : 0
        },
        "lat_ns" : {
          "min" : 0,
          "max" : 0,
          "mean" : 0.000000,
          "stddev" : 0.000000,
          "N" : 0
        },
        "bw_min" : 0,
        "bw_max" : 0,
        "bw_agg" : 0.000000,
        "bw_mean" : 0.000000,
        "bw_dev" : 0.000000,
        "bw_samples" : 0,
        "iops_min" : 0,
        "iops_max" : 0,
        "iops_mean" : 0.000000,
        "iops_stddev" : 0.000000,
        "iops_samples" : 0
      },
      "sync" : {
        "total_ios" : 0,
        "lat_ns" : {
          "min" : 0,
          "max" : 0,
          "mean" : 0.000000,
          "stddev" : 0.000000,
          "N" : 0
        }
      },
      "job_runtime" : 30002,
      "usr_cpu" : 10.499300,
      "sys_cpu" : 4.343044,
      "ctx" : 121002,
      "majf" : 0,
      "minf" : 5487,
      "iodepth_level" : {
        "1" : 0.100000,
        "2" : 0.100000,
        "4" : 0.100000,
        "8" : 0.100000,
        "16" : 0.100000,
        "32" : 99.992673,
        ">=64" : 0.000000
      },
      "iodepth_submit" : {
        "0" : 0.000000,
        "4" : 100.000000,
        "8" : 0.000000,
        "16" : 0.000000,
        "32" : 0.000000,
        "64" : 0.000000,
        ">=64" : 0.000000
      },
      "iodepth_complete" : {
        "0" : 0.000000,
        "4" : 99.999882,
        "8" : 0.000000,
        "16" : 0.000000,
        "32" : 0.000000,
        "64" : 0.100000,
        ">=64" : 0.000000
      },
      "latency_ns" : {
        "2" : 0.000000,
        "4" : 0.000000,
        "10" : 0.000000,
        "20" : 0.000000,
        "50" : 0.000000,
        "100" : 0.000000,
        "250" : 0.000000,
        "500" : 0.000000,
        "750" : 0.000000,
        "1000" : 0.000000
      },
      "latency_us" : {
        "2" : 0.000000,
        "4" : 0.000000,
        "10" : 0.000000,
        "20" : 0.000000,
        "50" : 0.000000,
        "100" : 0.000000,
        "250" : 0.000000,
        "500" : 0.000000,
        "750" : 0.076816,
        "1000" : 0.443406
      },
      "latency_ms" : {
        "2" : 8.674061,
        "4" : 87.032516,
        "10" : 1.752823,
        "20" : 0.066889,
        "50" : 1.714533,
        "100" : 0.193576,
        "250" : 0.045381,
        "500" : 0.000000,
        "750" : 0.000000,
        "1000" : 0.000000,
        "2000" : 0.000000,
        ">=2000" : 0.000000
      },
      "latency_depth" : 48,
      "latency_target" : 0,
      "latency_percentile" : 100.000000,
      "latency_window" : 0
    }
  ],
  "disk_util" : [
    {
      "name" : "sda",
      "read_ios" : 0,
      "write_ios" : 292,
      "read_merges" : 0,
      "write_merges" : 222,
      "read_ticks" : 0,
      "write_ticks" : 5672,
      "in_queue" : 5672,
      "util" : 4.884396
    }
  ]
}
