{
  "fio version" : "fio-3.19-14-g9833",
  "timestamp" : 1585630301,
  "timestamp_ms" : 1585630301835,
  "time" : "Mon Mar 30 23:51:41 2020",
  "global options" : {
    "ioengine" : "rbd",
    "rw" : "randwrite",
    "bs" : "4096",
    "time_based" : "1",
    "runtime" : "30",
    "direct" : " 1",
    "clientname" : "admin",
    "pool" : "mybench",
    "rbdname" : "image1"
  },
  "jobs" : [
    {
      "jobname" : "fio-write",
      "groupid" : 0,
      "error" : 0,
      "eta" : 0,
      "elapsed" : 31,
      "job options" : {
        "iodepth" : "48"
      },
      "read" : {
        "io_bytes" : 0,
        "io_kbytes" : 0,
        "bw_bytes" : 0,
        "bw" : 0,
        "iops" : 0.000000,
        "runtime" : 0,
        "total_ios" : 0,
        "short_ios" : 0,
        "drop_ios" : 0,
        "slat_ns" : {
          "min" : 0,
          "max" : 0,
          "mean" : 0.000000,
          "stddev" : 0.000000,
          "N" : 0
        },
        "clat_ns" : {
          "min" : 0,
          "max" : 0,
          "mean" : 0.000000,
          "stddev" : 0.000000,
          "N" : 0
        },
        "lat_ns" : {
          "min" : 0,
          "max" : 0,
          "mean" : 0.000000,
          "stddev" : 0.000000,
          "N" : 0
        },
        "bw_min" : 0,
        "bw_max" : 0,
        "bw_agg" : 0.000000,
        "bw_mean" : 0.000000,
        "bw_dev" : 0.000000,
        "bw_samples" : 0,
        "iops_min" : 0,
        "iops_max" : 0,
        "iops_mean" : 0.000000,
        "iops_stddev" : 0.000000,
        "iops_samples" : 0
      },
      "write" : {
        "io_bytes" : 1738072064,
        "io_kbytes" : 1697336,
        "bw_bytes" : 57929942,
        "bw" : 56572,
        "iops" : 14143.052361,
        "runtime" : 30003,
        "total_ios" : 424334,
        "short_ios" : 0,
        "drop_ios" : 0,
        "slat_ns" : {
          "min" : 875,
          "max" : 246049,
          "mean" : 3764.698770,
          "stddev" : 4118.823664,
          "N" : 424334
        },
        "clat_ns" : {
          "min" : 749885,
          "max" : 177844757,
          "mean" : 3388893.179764,
          "stddev" : 5495119.424862,
          "N" : 424334,
          "percentile" : {
            "1.000000" : 1368064,
            "5.000000" : 1974272,
            "10.000000" : 2146304,
            "20.000000" : 2342912,
            "30.000000" : 2473984,
            "40.000000" : 2605056,
            "50.000000" : 2703360,
            "60.000000" : 2834432,
            "70.000000" : 2932736,
            "80.000000" : 3096576,
            "90.000000" : 3358720,
            "95.000000" : 3686400,
            "99.000000" : 36438016,
            "99.500000" : 38010880,
            "99.900000" : 43253760,
            "99.950000" : 106430464,
            "99.990000" : 177209344
          }
        },
        "lat_ns" : {
          "min" : 754729,
          "max" : 177847317,
          "mean" : 3392657.878534,
          "stddev" : 5495653.047942,
          "N" : 424334
        },
        "bw_min" : 5691,
        "bw_max" : 74808,
        "bw_agg" : 100.000000,
        "bw_mean" : 56711.372881,
        "bw_dev" : 23073.957382,
        "bw_samples" : 59,
        "iops_min" : 1422,
        "iops_max" : 18702,
        "iops_mean" : 14177.830508,
        "iops_stddev" : 5768.517939,
        "iops_samples" : 59
      },
      "trim" : {
        "io_bytes" : 0,
        "io_kbytes" : 0,
        "bw_bytes" : 0,
        "bw" : 0,
        "iops" : 0.000000,
        "runtime" : 0,
        "total_ios" : 0,
        "short_ios" : 0,
        "drop_ios" : 0,
        "slat_ns" : {
          "min" : 0,
          "max" : 0,
          "mean" : 0.000000,
          "stddev" : 0.000000,
          "N" : 0
        },
        "clat_ns" : {
          "min" : 0,
          "max" : 0,
          "mean" : 0.000000,
          "stddev" : 0.000000,
          "N" : 0
        },
        "lat_ns" : {
          "min" : 0,
          "max" : 0,
          "mean" : 0.000000,
          "stddev" : 0.000000,
          "N" : 0
        },
        "bw_min" : 0,
        "bw_max" : 0,
        "bw_agg" : 0.000000,
        "bw_mean" : 0.000000,
        "bw_dev" : 0.000000,
        "bw_samples" : 0,
        "iops_min" : 0,
        "iops_max" : 0,
        "iops_mean" : 0.000000,
        "iops_stddev" : 0.000000,
        "iops_samples" : 0
      },
      "sync" : {
        "total_ios" : 0,
        "lat_ns" : {
          "min" : 0,
          "max" : 0,
          "mean" : 0.000000,
          "stddev" : 0.000000,
          "N" : 0
        }
      },
      "job_runtime" : 30002,
      "usr_cpu" : 11.405906,
      "sys_cpu" : 5.926272,
      "ctx" : 106805,
      "majf" : 0,
      "minf" : 4144,
      "iodepth_level" : {
        "1" : 0.100000,
        "2" : 0.100000,
        "4" : 0.100000,
        "8" : 0.100000,
        "16" : 0.100000,
        "32" : 99.992694,
        ">=64" : 0.000000
      },
      "iodepth_submit" : {
        "0" : 0.000000,
        "4" : 100.000000,
        "8" : 0.000000,
        "16" : 0.000000,
        "32" : 0.000000,
        "64" : 0.000000,
        ">=64" : 0.000000
      },
      "iodepth_complete" : {
        "0" : 0.000000,
        "4" : 99.999882,
        "8" : 0.000000,
        "16" : 0.000000,
        "32" : 0.000000,
        "64" : 0.100000,
        ">=64" : 0.000000
      },
      "latency_ns" : {
        "2" : 0.000000,
        "4" : 0.000000,
        "10" : 0.000000,
        "20" : 0.000000,
        "50" : 0.000000,
        "100" : 0.000000,
        "250" : 0.000000,
        "500" : 0.000000,
        "750" : 0.000000,
        "1000" : 0.000000
      },
      "latency_us" : {
        "2" : 0.000000,
        "4" : 0.000000,
        "10" : 0.000000,
        "20" : 0.000000,
        "50" : 0.000000,
        "100" : 0.000000,
        "250" : 0.000000,
        "500" : 0.000000,
        "750" : 0.010000,
        "1000" : 0.034171
      },
      "latency_ms" : {
        "2" : 5.422144,
        "4" : 91.238506,
        "10" : 1.437547,
        "20" : 0.102985,
        "50" : 1.707853,
        "100" : 0.000000,
        "250" : 0.056559,
        "500" : 0.000000,
        "750" : 0.000000,
        "1000" : 0.000000,
        "2000" : 0.000000,
        ">=2000" : 0.000000
      },
      "latency_depth" : 48,
      "latency_target" : 0,
      "latency_percentile" : 100.000000,
      "latency_window" : 0
    }
  ],
  "disk_util" : [
    {
      "name" : "sda",
      "read_ios" : 0,
      "write_ios" : 298,
      "read_merges" : 0,
      "write_merges" : 224,
      "read_ticks" : 0,
      "write_ticks" : 8672,
      "in_queue" : 8672,
      "util" : 5.284756
    }
  ]
}
