{
  "fio version" : "fio-3.19-14-g9833",
  "timestamp" : 1585631465,
  "timestamp_ms" : 1585631465132,
  "time" : "Tue Mar 31 00:11:05 2020",
  "global options" : {
    "ioengine" : "rbd",
    "rw" : "randwrite",
    "bs" : "4096",
    "time_based" : "1",
    "runtime" : "30",
    "direct" : " 1",
    "clientname" : "admin",
    "pool" : "mybench",
    "rbdname" : "image1"
  },
  "jobs" : [
    {
      "jobname" : "fio-write",
      "groupid" : 0,
      "error" : 0,
      "eta" : 0,
      "elapsed" : 31,
      "job options" : {
        "iodepth" : "48"
      },
      "read" : {
        "io_bytes" : 0,
        "io_kbytes" : 0,
        "bw_bytes" : 0,
        "bw" : 0,
        "iops" : 0.000000,
        "runtime" : 0,
        "total_ios" : 0,
        "short_ios" : 0,
        "drop_ios" : 0,
        "slat_ns" : {
          "min" : 0,
          "max" : 0,
          "mean" : 0.000000,
          "stddev" : 0.000000,
          "N" : 0
        },
        "clat_ns" : {
          "min" : 0,
          "max" : 0,
          "mean" : 0.000000,
          "stddev" : 0.000000,
          "N" : 0
        },
        "lat_ns" : {
          "min" : 0,
          "max" : 0,
          "mean" : 0.000000,
          "stddev" : 0.000000,
          "N" : 0
        },
        "bw_min" : 0,
        "bw_max" : 0,
        "bw_agg" : 0.000000,
        "bw_mean" : 0.000000,
        "bw_dev" : 0.000000,
        "bw_samples" : 0,
        "iops_min" : 0,
        "iops_max" : 0,
        "iops_mean" : 0.000000,
        "iops_stddev" : 0.000000,
        "iops_samples" : 0
      },
      "write" : {
        "io_bytes" : 1785151488,
        "io_kbytes" : 1743312,
        "bw_bytes" : 59499099,
        "bw" : 58104,
        "iops" : 14526.147385,
        "runtime" : 30003,
        "total_ios" : 435828,
        "short_ios" : 0,
        "drop_ios" : 0,
        "slat_ns" : {
          "min" : 980,
          "max" : 243678,
          "mean" : 3777.225343,
          "stddev" : 3821.075821,
          "N" : 435828
        },
        "clat_ns" : {
          "min" : 759481,
          "max" : 179607103,
          "mean" : 3299368.395791,
          "stddev" : 5596310.380217,
          "N" : 435828,
          "percentile" : {
            "1.000000" : 1351680,
            "5.000000" : 1777664,
            "10.000000" : 1974272,
            "20.000000" : 2179072,
            "30.000000" : 2310144,
            "40.000000" : 2441216,
            "50.000000" : 2572288,
            "60.000000" : 2703360,
            "70.000000" : 2867200,
            "80.000000" : 3063808,
            "90.000000" : 3424256,
            "95.000000" : 3784704,
            "99.000000" : 36962304,
            "99.500000" : 40108032,
            "99.900000" : 43778048,
            "99.950000" : 106430464,
            "99.990000" : 179306496
          }
        },
        "lat_ns" : {
          "min" : 761208,
          "max" : 179609344,
          "mean" : 3303145.621135,
          "stddev" : 5596972.996610,
          "N" : 435828
        },
        "bw_min" : 5699,
        "bw_max" : 79976,
        "bw_agg" : 100.000000,
        "bw_mean" : 58222.694915,
        "bw_dev" : 24098.963413,
        "bw_samples" : 59,
        "iops_min" : 1424,
        "iops_max" : 19994,
        "iops_mean" : 14555.661017,
        "iops_stddev" : 6024.769037,
        "iops_samples" : 59
      },
      "trim" : {
        "io_bytes" : 0,
        "io_kbytes" : 0,
        "bw_bytes" : 0,
        "bw" : 0,
        "iops" : 0.000000,
        "runtime" : 0,
        "total_ios" : 0,
        "short_ios" : 0,
        "drop_ios" : 0,
        "slat_ns" : {
          "min" : 0,
          "max" : 0,
          "mean" : 0.000000,
          "stddev" : 0.000000,
          "N" : 0
        },
        "clat_ns" : {
          "min" : 0,
          "max" : 0,
          "mean" : 0.000000,
          "stddev" : 0.000000,
          "N" : 0
        },
        "lat_ns" : {
          "min" : 0,
          "max" : 0,
          "mean" : 0.000000,
          "stddev" : 0.000000,
          "N" : 0
        },
        "bw_min" : 0,
        "bw_max" : 0,
        "bw_agg" : 0.000000,
        "bw_mean" : 0.000000,
        "bw_dev" : 0.000000,
        "bw_samples" : 0,
        "iops_min" : 0,
        "iops_max" : 0,
        "iops_mean" : 0.000000,
        "iops_stddev" : 0.000000,
        "iops_samples" : 0
      },
      "sync" : {
        "total_ios" : 0,
        "lat_ns" : {
          "min" : 0,
          "max" : 0,
          "mean" : 0.000000,
          "stddev" : 0.000000,
          "N" : 0
        }
      },
      "job_runtime" : 30002,
      "usr_cpu" : 11.602560,
      "sys_cpu" : 5.556296,
      "ctx" : 141407,
      "majf" : 0,
      "minf" : 5682,
      "iodepth_level" : {
        "1" : 0.100000,
        "2" : 0.100000,
        "4" : 0.100000,
        "8" : 0.100000,
        "16" : 0.100000,
        "32" : 99.992887,
        ">=64" : 0.000000
      },
      "iodepth_submit" : {
        "0" : 0.000000,
        "4" : 100.000000,
        "8" : 0.000000,
        "16" : 0.000000,
        "32" : 0.000000,
        "64" : 0.000000,
        ">=64" : 0.000000
      },
      "iodepth_complete" : {
        "0" : 0.000000,
        "4" : 99.999885,
        "8" : 0.000000,
        "16" : 0.000000,
        "32" : 0.000000,
        "64" : 0.100000,
        ">=64" : 0.000000
      },
      "latency_ns" : {
        "2" : 0.000000,
        "4" : 0.000000,
        "10" : 0.000000,
        "20" : 0.000000,
        "50" : 0.000000,
        "100" : 0.000000,
        "250" : 0.000000,
        "500" : 0.000000,
        "750" : 0.000000,
        "1000" : 0.000000
      },
      "latency_us" : {
        "2" : 0.000000,
        "4" : 0.000000,
        "10" : 0.000000,
        "20" : 0.000000,
        "50" : 0.000000,
        "100" : 0.000000,
        "250" : 0.000000,
        "500" : 0.000000,
        "750" : 0.000000,
        "1000" : 0.033958
      },
      "latency_ms" : {
        "2" : 10.948356,
        "4" : 85.351561,
        "10" : 1.828474,
        "20" : 0.063787,
        "50" : 1.718797,
        "100" : 0.000000,
        "250" : 0.055068,
        "500" : 0.000000,
        "750" : 0.000000,
        "1000" : 0.000000,
        "2000" : 0.000000,
        ">=2000" : 0.000000
      },
      "latency_depth" : 48,
      "latency_target" : 0,
      "latency_percentile" : 100.000000,
      "latency_window" : 0
    }
  ],
  "disk_util" : [
    {
      "name" : "sda",
      "read_ios" : 0,
      "write_ios" : 237,
      "read_merges" : 0,
      "write_merges" : 228,
      "read_ticks" : 0,
      "write_ticks" : 2920,
      "in_queue" : 2920,
      "util" : 4.751418
    }
  ]
}
